{
	"type" : "FeatureCollection",
	"name" : "Edge",
	"features" : [
		{
			"type" : "Feature",
			"geometry" : {
				"type" : "LineString",
				"coordinates" : [
					[ 5.1705256, 52.0671278 ],
					[ 5.1705553, 52.0671168 ],
					[ 5.1705942, 52.06713 ],
					[ 5.1706389, 52.0671601 ]
				]
			},
			"properties" : {
				"_edge_id" : 285,
				"_right_edge" : 271,
				"_left_edge" : -270,
				"_from_node" : 162,
				"_to_node" : 176
			}
		},
		{
			"type" : "Feature",
			"geometry" : {
				"type" : "LineString",
				"coordinates" : [
					[ 5.1697857, 52.067289 ],
					[ 5.1697472, 52.0673108 ],
					[ 5.1696855, 52.067322 ],
					[ 5.1696018, 52.0673256 ],
					[ 5.1694956, 52.0673119 ],
					[ 5.1694522, 52.0672947 ],
					[ 5.169424, 52.0672802 ],
					[ 5.1694025, 52.0672521 ]
				]
			},
			"properties" : {
				"_edge_id" : 284,
				"_right_edge" : -157,
				"_left_edge" : -195,
				"_from_node" : 161,
				"_to_node" : 151
			}
		},
		{
			"type" : "Feature",
			"geometry" : {
				"type" : "LineString",
				"coordinates" : [
					[ 5.1697857, 52.067289 ],
					[ 5.1698106, 52.0672918 ],
					[ 5.169889, 52.0672947 ],
					[ 5.169939, 52.0672992 ],
					[ 5.1700323, 52.0673086 ]
				]
			},
			"properties" : {
				"_edge_id" : 283,
				"_right_edge" : -186,
				"_left_edge" : 284,
				"_from_node" : 161,
				"_to_node" : 130
			}
		},
		{
			"type" : "Feature",
			"geometry" : {
				"type" : "LineString",
				"coordinates" : [
					[ 5.1657118, 52.0688055 ],
					[ 5.165758, 52.0688253 ],
					[ 5.1658534, 52.0688573 ],
					[ 5.1659269, 52.0688712 ],
					[ 5.1659989, 52.0688746 ],
					[ 5.1660507, 52.0688699 ],
					[ 5.1660935, 52.0688602 ],
					[ 5.1661273, 52.0688478 ],
					[ 5.1662141, 52.0687931 ],
					[ 5.1662939, 52.0687321 ],
					[ 5.1663329, 52.0686937 ],
					[ 5.1663764, 52.0686265 ]
				]
			},
			"properties" : {
				"_edge_id" : 282,
				"_right_edge" : 250,
				"_left_edge" : -95,
				"_from_node" : 78,
				"_to_node" : 175
			}
		},
		{
			"type" : "Feature",
			"geometry" : {
				"type" : "LineString",
				"coordinates" : [
					[ 5.1662172, 52.0677782 ],
					[ 5.1661619, 52.0678611 ],
					[ 5.1660709, 52.0679075 ],
					[ 5.1660294, 52.0679539 ],
					[ 5.166029, 52.0680054 ],
					[ 5.1660939, 52.0680672 ],
					[ 5.1661892, 52.0681233 ],
					[ 5.1662212, 52.0681831 ],
					[ 5.1662637, 52.0682511 ]
				]
			},
			"properties" : {
				"_edge_id" : 281,
				"_right_edge" : -280,
				"_left_edge" : -239,
				"_from_node" : 173,
				"_to_node" : 59
			}
		},
		{
			"type" : "Feature",
			"geometry" : {
				"type" : "LineString",
				"coordinates" : [
					[ 5.1662172, 52.0677782 ],
					[ 5.1662823, 52.0677959 ],
					[ 5.1663332, 52.0678174 ],
					[ 5.1664106, 52.067929 ],
					[ 5.1663925, 52.0680359 ],
					[ 5.1663443, 52.0681424 ],
					[ 5.1662637, 52.0682511 ]
				]
			},
			"properties" : {
				"_edge_id" : 280,
				"_right_edge" : 43,
				"_left_edge" : 281,
				"_from_node" : 173,
				"_to_node" : 59
			}
		},
		{
			"type" : "Feature",
			"geometry" : {
				"type" : "LineString",
				"coordinates" : [
					[ 5.1771269, 52.0699657 ],
					[ 5.1775818833, 52.0699637902 ]
				]
			},
			"properties" : {
				"_edge_id" : 279,
				"_right_edge" : -93,
				"_left_edge" : 278,
				"_from_node" : 91,
				"_to_node" : 108
			}
		},
		{
			"type" : "Feature",
			"geometry" : {
				"type" : "LineString",
				"coordinates" : [
					[ 5.1771269, 52.0699657 ],
					[ 5.1770743, 52.070092 ],
					[ 5.1769843, 52.0701369 ],
					[ 5.176823, 52.0701718 ],
					[ 5.1766775, 52.0702428 ]
				]
			},
			"properties" : {
				"_edge_id" : 278,
				"_right_edge" : -182,
				"_left_edge" : -69,
				"_from_node" : 91,
				"_to_node" : 160
			}
		},
		{
			"type" : "Feature",
			"geometry" : {
				"type" : "LineString",
				"coordinates" : [
					[ 5.1589477, 52.06992 ],
					[ 5.1587202, 52.0702048 ],
					[ 5.1585913, 52.0703179 ],
					[ 5.1583828, 52.070434 ]
				]
			},
			"properties" : {
				"_edge_id" : 277,
				"_right_edge" : 44,
				"_left_edge" : 276,
				"_from_node" : 171,
				"_to_node" : 61
			}
		},
		{
			"type" : "Feature",
			"geometry" : {
				"type" : "LineString",
				"coordinates" : [
					[ 5.1589477, 52.06992 ],
					[ 5.1588646, 52.0698763 ],
					[ 5.1588193, 52.0698614 ],
					[ 5.1587634, 52.06985 ],
					[ 5.1587134, 52.0698503 ],
					[ 5.1586588, 52.0698576 ],
					[ 5.1584472, 52.0699361 ],
					[ 5.158327, 52.0699718 ],
					[ 5.1582131, 52.0700092 ],
					[ 5.1581373, 52.070027 ],
					[ 5.1579747, 52.0699966 ],
					[ 5.1578002, 52.0700197 ],
					[ 5.1576298, 52.0700552 ],
					[ 5.1575308, 52.0700818 ],
					[ 5.1574451, 52.0701045 ],
					[ 5.1573015, 52.0701417 ],
					[ 5.1571809, 52.0701574 ],
					[ 5.1569347, 52.0701604 ],
					[ 5.1567645, 52.0701889 ],
					[ 5.1566184, 52.0702175 ],
					[ 5.1564669, 52.0702787 ],
					[ 5.1563951, 52.0703213 ],
					[ 5.1562753, 52.0704065 ],
					[ 5.1562296, 52.0704435 ],
					[ 5.1561848, 52.0705121 ],
					[ 5.1561177, 52.070665 ],
					[ 5.1560445, 52.0711808 ],
					[ 5.1560348, 52.0712281 ],
					[ 5.1560197, 52.0712872 ],
					[ 5.1559762, 52.071336 ],
					[ 5.1559227, 52.0714067 ]
				]
			},
			"properties" : {
				"_edge_id" : 276,
				"_right_edge" : -65,
				"_left_edge" : -231,
				"_from_node" : 171,
				"_to_node" : 47
			}
		},
		{
			"type" : "Feature",
			"geometry" : {
				"type" : "LineString",
				"coordinates" : [
					[ 5.1777274, 52.0682354 ],
					[ 5.1777372, 52.0683336 ]
				]
			},
			"properties" : {
				"_edge_id" : 275,
				"_right_edge" : 36,
				"_left_edge" : 274,
				"_from_node" : 13,
				"_to_node" : 52
			}
		},
		{
			"type" : "Feature",
			"geometry" : {
				"type" : "LineString",
				"coordinates" : [
					[ 5.1777274, 52.0682354 ],
					[ 5.1776046, 52.0681882 ],
					[ 5.1775505, 52.0681556 ],
					[ 5.1775279, 52.0681112 ],
					[ 5.1775434, 52.0680533 ],
					[ 5.1775977, 52.0679995 ],
					[ 5.1777132, 52.0679019 ],
					[ 5.1778805, 52.0677749 ],
					[ 5.1781087, 52.0676005 ],
					[ 5.1781688, 52.0675885 ]
				]
			},
			"properties" : {
				"_edge_id" : 274,
				"_right_edge" : -33,
				"_left_edge" : -8,
				"_from_node" : 13,
				"_to_node" : 49
			}
		},
		{
			"type" : "Feature",
			"geometry" : {
				"type" : "LineString",
				"coordinates" : [
					[ 5.1681577, 52.0683827 ],
					[ 5.1681246, 52.0683302 ],
					[ 5.168042, 52.0682987 ],
					[ 5.1679004, 52.0682594 ],
					[ 5.1678407, 52.068229 ],
					[ 5.167745, 52.0681389 ],
					[ 5.1676238, 52.0680771 ],
					[ 5.1675176, 52.0680436 ],
					[ 5.1674796, 52.0680073 ]
				]
			},
			"properties" : {
				"_edge_id" : 273,
				"_right_edge" : -262,
				"_left_edge" : -114,
				"_from_node" : 122,
				"_to_node" : 169
			}
		},
		{
			"type" : "Feature",
			"geometry" : {
				"type" : "LineString",
				"coordinates" : [
					[ 5.1681577, 52.0683827 ],
					[ 5.1679192, 52.0683876 ],
					[ 5.1677883, 52.0684564 ],
					[ 5.167746, 52.0685541 ],
					[ 5.1677327, 52.0686509 ],
					[ 5.1676817, 52.068727 ],
					[ 5.1676054, 52.0687987 ],
					[ 5.167538, 52.0688239 ]
				]
			},
			"properties" : {
				"_edge_id" : 272,
				"_right_edge" : -192,
				"_left_edge" : 273,
				"_from_node" : 122,
				"_to_node" : 24
			}
		},
		{
			"type" : "Feature",
			"geometry" : {
				"type" : "LineString",
				"coordinates" : [
					[ 5.1706389, 52.0671601 ],
					[ 5.1707478, 52.0671825 ],
					[ 5.1709808, 52.067217 ],
					[ 5.171387, 52.0672886 ],
					[ 5.1715118, 52.0673176 ],
					[ 5.1717483, 52.0673858 ],
					[ 5.171936, 52.0674158 ],
					[ 5.1720279, 52.0674455 ],
					[ 5.1720808, 52.0674587 ],
					[ 5.1722698, 52.0674969 ],
					[ 5.1723383, 52.067502 ],
					[ 5.1724329, 52.0675016 ],
					[ 5.1725174, 52.0675094 ],
					[ 5.1725952, 52.0675234 ],
					[ 5.1727045, 52.0675486 ],
					[ 5.1727863, 52.0675651 ],
					[ 5.1728749, 52.0675718 ],
					[ 5.1730612, 52.0675787 ],
					[ 5.173259, 52.0675783 ],
					[ 5.1733373, 52.0675759 ]
				]
			},
			"properties" : {
				"_edge_id" : 271,
				"_right_edge" : -2,
				"_left_edge" : 270,
				"_from_node" : 176,
				"_to_node" : 4
			}
		},
		{
			"type" : "Feature",
			"geometry" : {
				"type" : "LineString",
				"coordinates" : [
					[ 5.1706389, 52.0671601 ],
					[ 5.1705882, 52.0671522 ],
					[ 5.1705533, 52.0671438 ],
					[ 5.1705256, 52.0671278 ]
				]
			},
			"properties" : {
				"_edge_id" : 270,
				"_right_edge" : -196,
				"_left_edge" : -285,
				"_from_node" : 176,
				"_to_node" : 162
			}
		},
		{
			"type" : "Feature",
			"geometry" : {
				"type" : "LineString",
				"coordinates" : [
					[ 5.1776388, 52.0687511 ],
					[ 5.1776069, 52.0686964 ],
					[ 5.1775821, 52.0686628 ],
					[ 5.1775605, 52.0686401 ]
				]
			},
			"properties" : {
				"_edge_id" : 269,
				"_right_edge" : 230,
				"_left_edge" : -167,
				"_from_node" : 156,
				"_to_node" : 51
			}
		},
		{
			"type" : "Feature",
			"geometry" : {
				"type" : "LineString",
				"coordinates" : [
					[ 5.1700875, 52.075178 ],
					[ 5.170098, 52.0752073 ],
					[ 5.1701546, 52.0752576 ],
					[ 5.1702462, 52.0753558 ]
				]
			},
			"properties" : {
				"_edge_id" : 268,
				"_right_edge" : -101,
				"_left_edge" : 266,
				"_from_node" : 152,
				"_to_node" : 109
			}
		},
		{
			"type" : "Feature",
			"geometry" : {
				"type" : "LineString",
				"coordinates" : [
					[ 5.1700875, 52.075178 ],
					[ 5.1700206, 52.0751021 ],
					[ 5.1699545, 52.0750224 ],
					[ 5.1698652, 52.0728011 ],
					[ 5.1697681, 52.0708189 ],
					[ 5.1697624, 52.0705471 ]
				]
			},
			"properties" : {
				"_edge_id" : 267,
				"_right_edge" : 118,
				"_left_edge" : -164,
				"_from_node" : 152,
				"_to_node" : 45
			}
		},
		{
			"type" : "Feature",
			"geometry" : {
				"type" : "LineString",
				"coordinates" : [
					[ 5.1700875, 52.075178 ],
					[ 5.1699792, 52.0752255 ],
					[ 5.1685673, 52.075819 ],
					[ 5.1677035, 52.0762146 ],
					[ 5.1670026, 52.076567 ]
				]
			},
			"properties" : {
				"_edge_id" : 266,
				"_right_edge" : 166,
				"_left_edge" : 267,
				"_from_node" : 152,
				"_to_node" : 153
			}
		},
		{
			"type" : "Feature",
			"geometry" : {
				"type" : "LineString",
				"coordinates" : [
					[ 5.1733563, 52.0687655 ],
					[ 5.1733516, 52.0684735 ],
					[ 5.1733525, 52.0681821 ],
					[ 5.1733646, 52.0680826 ],
					[ 5.1734005, 52.0680201 ],
					[ 5.173445, 52.0679812 ],
					[ 5.1734646, 52.067962 ]
				]
			},
			"properties" : {
				"_edge_id" : 265,
				"_right_edge" : 124,
				"_left_edge" : 264,
				"_from_node" : 148,
				"_to_node" : 129
			}
		},
		{
			"type" : "Feature",
			"geometry" : {
				"type" : "LineString",
				"coordinates" : [
					[ 5.1733563, 52.0687655 ],
					[ 5.1734919, 52.0688766 ],
					[ 5.1747929, 52.069589 ]
				]
			},
			"properties" : {
				"_edge_id" : 264,
				"_right_edge" : 208,
				"_left_edge" : 263,
				"_from_node" : 148,
				"_to_node" : 20
			}
		},
		{
			"type" : "Feature",
			"geometry" : {
				"type" : "LineString",
				"coordinates" : [
					[ 5.1733563, 52.0687655 ],
					[ 5.1736304, 52.0706107 ]
				]
			},
			"properties" : {
				"_edge_id" : 263,
				"_right_edge" : 13,
				"_left_edge" : -152,
				"_from_node" : 148,
				"_to_node" : 18
			}
		},
		{
			"type" : "Feature",
			"geometry" : {
				"type" : "LineString",
				"coordinates" : [
					[ 5.1674156, 52.0680032 ],
					[ 5.1674796, 52.0680073 ]
				]
			},
			"properties" : {
				"_edge_id" : 262,
				"_right_edge" : 229,
				"_left_edge" : -156,
				"_from_node" : 83,
				"_to_node" : 169
			}
		},
		{
			"type" : "Feature",
			"geometry" : {
				"type" : "LineString",
				"coordinates" : [
					[ 5.1755674, 52.0688901 ],
					[ 5.17567, 52.0689419 ]
				]
			},
			"properties" : {
				"_edge_id" : 261,
				"_right_edge" : 225,
				"_left_edge" : -176,
				"_from_node" : 120,
				"_to_node" : 167
			}
		},
		{
			"type" : "Feature",
			"geometry" : {
				"type" : "LineString",
				"coordinates" : [
					[ 5.1677135, 52.0701104 ],
					[ 5.1676727, 52.0698383 ]
				]
			},
			"properties" : {
				"_edge_id" : 260,
				"_right_edge" : -14,
				"_left_edge" : -144,
				"_from_node" : 143,
				"_to_node" : 22
			}
		},
		{
			"type" : "Feature",
			"geometry" : {
				"type" : "LineString",
				"coordinates" : [
					[ 5.1677135, 52.0701104 ],
					[ 5.1669152, 52.0704604 ]
				]
			},
			"properties" : {
				"_edge_id" : 259,
				"_right_edge" : -31,
				"_left_edge" : 260,
				"_from_node" : 143,
				"_to_node" : 21
			}
		},
		{
			"type" : "Feature",
			"geometry" : {
				"type" : "LineString",
				"coordinates" : [
					[ 5.1677135, 52.0701104 ],
					[ 5.1677394, 52.0701595 ],
					[ 5.1677639, 52.0701674 ],
					[ 5.1680565, 52.0701727 ],
					[ 5.1681488, 52.0701597 ],
					[ 5.1682555, 52.0701264 ],
					[ 5.1685559, 52.0701005 ],
					[ 5.1687962, 52.0700545 ],
					[ 5.1689068, 52.0700487 ],
					[ 5.1689579, 52.0700884 ],
					[ 5.1689851, 52.0701816 ],
					[ 5.169057, 52.0702788 ],
					[ 5.1691786, 52.070371 ],
					[ 5.1693296, 52.0704657 ],
					[ 5.1695649, 52.0705354 ],
					[ 5.1696007, 52.0705778 ]
				]
			},
			"properties" : {
				"_edge_id" : 258,
				"_right_edge" : -118,
				"_left_edge" : -207,
				"_from_node" : 143,
				"_to_node" : 124
			}
		},
		{
			"type" : "Feature",
			"geometry" : {
				"type" : "LineString",
				"coordinates" : [
					[ 5.1695193, 52.0757472 ],
					[ 5.1693525, 52.0758425 ],
					[ 5.1690724, 52.0759463 ],
					[ 5.1689533, 52.0760227 ],
					[ 5.1689198, 52.0761496 ],
					[ 5.168868, 52.0761883 ],
					[ 5.1688101, 52.076233 ],
					[ 5.1686809, 52.0762604 ],
					[ 5.1685787, 52.0763112 ],
					[ 5.168488, 52.076408 ]
				]
			},
			"properties" : {
				"_edge_id" : 257,
				"_right_edge" : 216,
				"_left_edge" : -108,
				"_from_node" : 64,
				"_to_node" : 164
			}
		},
		{
			"type" : "Feature",
			"geometry" : {
				"type" : "LineString",
				"coordinates" : [
					[ 5.1773542, 52.0690541 ],
					[ 5.1773704, 52.06906 ],
					[ 5.1774375, 52.0690801 ],
					[ 5.1774654, 52.0690825 ],
					[ 5.1775167, 52.0690735 ],
					[ 5.1775767, 52.0690396 ],
					[ 5.1776834, 52.0689793 ],
					[ 5.1776871, 52.0688909 ]
				]
			},
			"properties" : {
				"_edge_id" : 256,
				"_right_edge" : 194,
				"_left_edge" : 255,
				"_from_node" : 102,
				"_to_node" : 157
			}
		},
		{
			"type" : "Feature",
			"geometry" : {
				"type" : "LineString",
				"coordinates" : [
					[ 5.1773542, 52.0690541 ],
					[ 5.1772602, 52.0690511 ]
				]
			},
			"properties" : {
				"_edge_id" : 255,
				"_right_edge" : 163,
				"_left_edge" : -82,
				"_from_node" : 102,
				"_to_node" : 103
			}
		},
		{
			"type" : "Feature",
			"geometry" : {
				"type" : "LineString",
				"coordinates" : [
					[ 5.1602209007, 52.0804022 ],
					[ 5.1601708007, 52.0803302999 ],
					[ 5.1601402994, 52.0802976002 ],
					[ 5.1601100999, 52.0802684001 ],
					[ 5.1600813003, 52.0802577001 ],
					[ 5.1600024006, 52.0802479004 ],
					[ 5.1599463999, 52.0802314999 ],
					[ 5.1599023007, 52.0802084001 ],
					[ 5.1598682003, 52.0801577002 ],
					[ 5.1598221996, 52.0800713003 ],
					[ 5.1597339006, 52.0799322001 ],
					[ 5.1596050007, 52.0799592004 ],
					[ 5.1592788995, 52.0800218001 ]
				]
			},
			"properties" : {
				"_edge_id" : 254,
				"_right_edge" : -129,
				"_left_edge" : -245,
				"_from_node" : 174,
				"_to_node" : 133
			}
		},
		{
			"type" : "Feature",
			"geometry" : {
				"type" : "LineString",
				"coordinates" : [
					[ 5.1602209007, 52.0804022 ],
					[ 5.1601888005, 52.0804039996 ],
					[ 5.1601633, 52.0804127004 ],
					[ 5.1601501, 52.0804248996 ],
					[ 5.1601402998, 52.0804315004 ],
					[ 5.1601404999, 52.0804805997 ],
					[ 5.1601612995, 52.0805439003 ]
				]
			},
			"properties" : {
				"_edge_id" : 253,
				"_right_edge" : 130,
				"_left_edge" : 254,
				"_from_node" : 174,
				"_to_node" : 132
			}
		},
		{
			"type" : "Feature",
			"geometry" : {
				"type" : "LineString",
				"coordinates" : [
					[ 5.1733373, 52.0675759 ],
					[ 5.173996, 52.0675599 ],
					[ 5.1740161, 52.0675594 ],
					[ 5.1740619, 52.0675612 ],
					[ 5.1747356, 52.0676512 ],
					[ 5.1751755, 52.0676916 ],
					[ 5.1756425, 52.0676928 ],
					[ 5.176078, 52.0677012 ],
					[ 5.176572, 52.0677961 ],
					[ 5.1767593, 52.0678466 ],
					[ 5.1769437, 52.0679101 ],
					[ 5.1771402, 52.0679909 ],
					[ 5.1773167, 52.0680874 ],
					[ 5.1774071, 52.0681363 ],
					[ 5.177521, 52.0682295 ],
					[ 5.1776163, 52.0682666 ],
					[ 5.1777372, 52.0683336 ]
				]
			},
			"properties" : {
				"_edge_id" : 252,
				"_right_edge" : -275,
				"_left_edge" : -271,
				"_from_node" : 4,
				"_to_node" : 52
			}
		},
		{
			"type" : "Feature",
			"geometry" : {
				"type" : "LineString",
				"coordinates" : [
					[ 5.1663764, 52.0686265 ],
					[ 5.1664462, 52.0686148 ],
					[ 5.1665872, 52.0686086 ],
					[ 5.1666934, 52.0686304 ],
					[ 5.1667414, 52.0686463 ]
				]
			},
			"properties" : {
				"_edge_id" : 251,
				"_right_edge" : -63,
				"_left_edge" : -282,
				"_from_node" : 175,
				"_to_node" : 23
			}
		},
		{
			"type" : "Feature",
			"geometry" : {
				"type" : "LineString",
				"coordinates" : [
					[ 5.1663764, 52.0686265 ],
					[ 5.1663597, 52.0685947 ],
					[ 5.166324, 52.0685448 ],
					[ 5.1663252, 52.068484 ],
					[ 5.1663528, 52.068438 ],
					[ 5.1664184, 52.068391 ],
					[ 5.1664423, 52.0683698 ]
				]
			},
			"properties" : {
				"_edge_id" : 250,
				"_right_edge" : -57,
				"_left_edge" : 251,
				"_from_node" : 175,
				"_to_node" : 75
			}
		},
		{
			"type" : "Feature",
			"geometry" : {
				"type" : "LineString",
				"coordinates" : [
					[ 5.1756925, 52.080926 ],
					[ 5.1755292, 52.0810582 ],
					[ 5.1753408, 52.0812108 ],
					[ 5.1751929, 52.0812065 ],
					[ 5.17321, 52.081207 ]
				]
			},
			"properties" : {
				"_edge_id" : 249,
				"_right_edge" : -244,
				"_left_edge" : -74,
				"_from_node" : 96,
				"_to_node" : 1
			}
		},
		{
			"type" : "Feature",
			"geometry" : {
				"type" : "LineString",
				"coordinates" : [
					[ 5.1648652, 52.0680241 ],
					[ 5.1648985, 52.0679793 ],
					[ 5.1649184, 52.0679573 ],
					[ 5.1649361, 52.0679339 ],
					[ 5.1649489, 52.0679027 ],
					[ 5.1649599, 52.0678811 ]
				]
			},
			"properties" : {
				"_edge_id" : 248,
				"_right_edge" : 135,
				"_left_edge" : 247,
				"_from_node" : 168,
				"_to_node" : 138
			}
		},
		{
			"type" : "Feature",
			"geometry" : {
				"type" : "LineString",
				"coordinates" : [
					[ 5.1648652, 52.0680241 ],
					[ 5.1648855, 52.0680311 ],
					[ 5.1649116, 52.0680421 ],
					[ 5.1649738, 52.0680764 ],
					[ 5.1650739065, 52.0681221591 ]
				]
			},
			"properties" : {
				"_edge_id" : 247,
				"_right_edge" : 67,
				"_left_edge" : -227,
				"_from_node" : 168,
				"_to_node" : 87
			}
		},
		{
			"type" : "Feature",
			"geometry" : {
				"type" : "LineString",
				"coordinates" : [
					[ 5.1648652, 52.0680241 ],
					[ 5.1648396, 52.0680177 ],
					[ 5.1647307, 52.0679809 ],
					[ 5.1646473, 52.0679556 ]
				]
			},
			"properties" : {
				"_edge_id" : 246,
				"_right_edge" : 42,
				"_left_edge" : 248,
				"_from_node" : 168,
				"_to_node" : 57
			}
		},
		{
			"type" : "Feature",
			"geometry" : {
				"type" : "LineString",
				"coordinates" : [
					[ 5.1613225, 52.0799731 ],
					[ 5.1612688007, 52.0800249003 ],
					[ 5.1611279993, 52.0801431 ],
					[ 5.1610301999, 52.0802312998 ],
					[ 5.1609244997, 52.0803147999 ],
					[ 5.1607056996, 52.0804729998 ],
					[ 5.1604472007, 52.0806208002 ],
					[ 5.1603938147, 52.0806490719 ],
					[ 5.1601884995, 52.0807577996 ],
					[ 5.1602451995, 52.0807848998 ],
					[ 5.1603445993, 52.0808269996 ],
					[ 5.1603543999, 52.0808283999 ],
					[ 5.1603783996, 52.0808214004 ],
					[ 5.1604039005, 52.0808091996 ],
					[ 5.1604279002, 52.0807924004 ],
					[ 5.1604471995, 52.0807738997 ],
					[ 5.1604538997, 52.0807511998 ],
					[ 5.1604294994, 52.0807102996 ],
					[ 5.1603938147, 52.0806490719 ],
					[ 5.1602983858, 52.0804853393 ],
					[ 5.1602760993, 52.0804470999 ],
					[ 5.1602520006, 52.0804097999 ],
					[ 5.1602209007, 52.0804022 ]
				]
			},
			"properties" : {
				"_edge_id" : 245,
				"_right_edge" : 253,
				"_left_edge" : -96,
				"_from_node" : 112,
				"_to_node" : 174
			}
		},
		{
			"type" : "Feature",
			"geometry" : {
				"type" : "LineString",
				"coordinates" : [
					[ 5.1613225, 52.0799731 ],
					[ 5.1614006, 52.0800028 ],
					[ 5.1614155, 52.0800083 ],
					[ 5.1615008, 52.0800255 ],
					[ 5.1616008, 52.0800406 ],
					[ 5.1617965, 52.0800593 ],
					[ 5.1618583, 52.0800669 ],
					[ 5.1619108, 52.080077 ],
					[ 5.1619904, 52.080111 ],
					[ 5.1621284, 52.0801823 ],
					[ 5.1635206, 52.0809055 ],
					[ 5.1637893, 52.0810537 ],
					[ 5.1638168, 52.0811065 ],
					[ 5.1638298, 52.0811864 ],
					[ 5.1640101, 52.0811831 ],
					[ 5.1663252, 52.0811891 ],
					[ 5.1666336, 52.0811896 ],
					[ 5.1680875, 52.0811922 ],
					[ 5.1697325, 52.0811949 ],
					[ 5.1700499, 52.0811956 ],
					[ 5.1702147, 52.0811956 ],
					[ 5.1706499, 52.0811977 ],
					[ 5.1717303, 52.0812057 ],
					[ 5.1728293, 52.08121 ],
					[ 5.1729714, 52.081207 ],
					[ 5.17321, 52.081207 ]
				]
			},
			"properties" : {
				"_edge_id" : 244,
				"_right_edge" : 1,
				"_left_edge" : 245,
				"_from_node" : 112,
				"_to_node" : 1
			}
		},
		{
			"type" : "Feature",
			"geometry" : {
				"type" : "LineString",
				"coordinates" : [
					[ 5.1697968, 52.0675667 ],
					[ 5.1696040922, 52.0676048838 ]
				]
			},
			"properties" : {
				"_edge_id" : 243,
				"_right_edge" : -51,
				"_left_edge" : 242,
				"_from_node" : 71,
				"_to_node" : 72
			}
		},
		{
			"type" : "Feature",
			"geometry" : {
				"type" : "LineString",
				"coordinates" : [
					[ 5.1697968, 52.0675667 ],
					[ 5.1699797, 52.06757 ]
				]
			},
			"properties" : {
				"_edge_id" : 242,
				"_right_edge" : -126,
				"_left_edge" : -50,
				"_from_node" : 71,
				"_to_node" : 131
			}
		},
		{
			"type" : "Feature",
			"geometry" : {
				"type" : "LineString",
				"coordinates" : [
					[ 5.1671335, 52.0766474 ],
					[ 5.1673866, 52.0767665 ],
					[ 5.1678733, 52.0769885 ],
					[ 5.1685794, 52.0773024 ]
				]
			},
			"properties" : {
				"_edge_id" : 241,
				"_right_edge" : -105,
				"_left_edge" : -166,
				"_from_node" : 154,
				"_to_node" : 117
			}
		},
		{
			"type" : "Feature",
			"geometry" : {
				"type" : "LineString",
				"coordinates" : [
					[ 5.1659094, 52.0676483 ],
					[ 5.1658745, 52.0675665 ],
					[ 5.1658165, 52.0674383 ],
					[ 5.1657748, 52.0673327 ]
				]
			},
			"properties" : {
				"_edge_id" : 240,
				"_right_edge" : 238,
				"_left_edge" : 239,
				"_from_node" : 142,
				"_to_node" : 172
			}
		},
		{
			"type" : "Feature",
			"geometry" : {
				"type" : "LineString",
				"coordinates" : [
					[ 5.1659094, 52.0676483 ],
					[ 5.1659589, 52.0676879 ],
					[ 5.1660497, 52.0677121 ],
					[ 5.1660623, 52.067718 ],
					[ 5.1661448, 52.0677567 ],
					[ 5.1662172, 52.0677782 ]
				]
			},
			"properties" : {
				"_edge_id" : 239,
				"_right_edge" : 280,
				"_left_edge" : -139,
				"_from_node" : 142,
				"_to_node" : 173
			}
		},
		{
			"type" : "Feature",
			"geometry" : {
				"type" : "LineString",
				"coordinates" : [
					[ 5.1657748, 52.0673327 ],
					[ 5.1657519, 52.0672781 ]
				]
			},
			"properties" : {
				"_edge_id" : 238,
				"_right_edge" : 122,
				"_left_edge" : 237,
				"_from_node" : 172,
				"_to_node" : 127
			}
		},
		{
			"type" : "Feature",
			"geometry" : {
				"type" : "LineString",
				"coordinates" : [
					[ 5.1657748, 52.0673327 ],
					[ 5.1657971, 52.0672894 ],
					[ 5.1658578, 52.0672541 ],
					[ 5.1659928, 52.0672328 ],
					[ 5.1661268, 52.0672262 ],
					[ 5.1663575, 52.0672481 ],
					[ 5.1668242, 52.0673029 ],
					[ 5.1671271, 52.0673432 ],
					[ 5.1672445, 52.067378 ],
					[ 5.1673027, 52.0674203 ]
				]
			},
			"properties" : {
				"_edge_id" : 237,
				"_right_edge" : -190,
				"_left_edge" : -240,
				"_from_node" : 172,
				"_to_node" : 104
			}
		},
		{
			"type" : "Feature",
			"geometry" : {
				"type" : "LineString",
				"coordinates" : [
					[ 5.161813, 52.0703436 ],
					[ 5.1620777, 52.0703548 ],
					[ 5.1623049, 52.0703592 ],
					[ 5.1625049, 52.0703886 ],
					[ 5.1626163, 52.0704122 ],
					[ 5.1627431, 52.0704361 ],
					[ 5.1629966, 52.070468 ],
					[ 5.1633168, 52.0704549 ],
					[ 5.1634807, 52.0704634 ],
					[ 5.1636236, 52.070495 ],
					[ 5.1639391, 52.0706072 ],
					[ 5.1641359, 52.0706391 ],
					[ 5.1642199, 52.070642 ]
				]
			},
			"properties" : {
				"_edge_id" : 236,
				"_right_edge" : 48,
				"_left_edge" : -220,
				"_from_node" : 166,
				"_to_node" : 66
			}
		},
		{
			"type" : "Feature",
			"geometry" : {
				"type" : "LineString",
				"coordinates" : [
					[ 5.161813, 52.0703436 ],
					[ 5.1618145, 52.0703245 ],
					[ 5.1618399, 52.0702206 ],
					[ 5.1619269, 52.0700988 ],
					[ 5.1620096, 52.0700117 ],
					[ 5.1620494, 52.0699664 ],
					[ 5.1620751, 52.0698785 ],
					[ 5.1620781, 52.069836 ],
					[ 5.1620966, 52.0697845 ],
					[ 5.1621243, 52.0697485 ],
					[ 5.1621842, 52.0697159 ],
					[ 5.1622733, 52.0696811 ],
					[ 5.1624017, 52.0696412 ],
					[ 5.1624883, 52.0696065 ],
					[ 5.1625672, 52.0695694 ],
					[ 5.1626106, 52.0695163 ],
					[ 5.162649, 52.0694527 ],
					[ 5.162683, 52.0693768 ],
					[ 5.1627218, 52.0692946 ],
					[ 5.1628327, 52.0692072 ],
					[ 5.1628965, 52.0691448 ],
					[ 5.1629067, 52.0690665 ],
					[ 5.1629007, 52.0689996 ],
					[ 5.1628751, 52.0688996 ],
					[ 5.1628675, 52.0688464 ],
					[ 5.1628717, 52.0687967 ],
					[ 5.1628909, 52.0687315 ],
					[ 5.1629193, 52.0686795 ],
					[ 5.1629468, 52.0686468 ],
					[ 5.1630231, 52.068599 ],
					[ 5.1631213, 52.0685535 ],
					[ 5.1632438, 52.0685388 ],
					[ 5.163479, 52.0684996 ]
				]
			},
			"properties" : {
				"_edge_id" : 235,
				"_right_edge" : 231,
				"_left_edge" : 236,
				"_from_node" : 166,
				"_to_node" : 170
			}
		},
		{
			"type" : "Feature",
			"geometry" : {
				"type" : "LineString",
				"coordinates" : [
					[ 5.1774588, 52.0694734 ],
					[ 5.1775184, 52.0695087 ],
					[ 5.1775907, 52.0695676 ],
					[ 5.1776336, 52.0696061 ],
					[ 5.1776429, 52.0696755 ],
					[ 5.1775973, 52.0697099 ],
					[ 5.1775614, 52.0697581 ],
					[ 5.1775739, 52.069887 ]
				]
			},
			"properties" : {
				"_edge_id" : 234,
				"_right_edge" : 93,
				"_left_edge" : -98,
				"_from_node" : 115,
				"_to_node" : 95
			}
		},
		{
			"type" : "Feature",
			"geometry" : {
				"type" : "LineString",
				"coordinates" : [
					[ 5.1774588, 52.0694734 ],
					[ 5.1775138, 52.0694641 ],
					[ 5.1776443, 52.0694526 ],
					[ 5.1777779, 52.069427 ],
					[ 5.1779018, 52.069371 ],
					[ 5.1780547, 52.0692803 ],
					[ 5.1781591, 52.0692126 ],
					[ 5.1781862, 52.0691622 ],
					[ 5.1781832, 52.0691025 ],
					[ 5.1780761, 52.0690017 ],
					[ 5.1780131, 52.0689516 ],
					[ 5.1779417, 52.0689127 ],
					[ 5.1778575, 52.0688677 ],
					[ 5.1777978, 52.0688465 ]
				]
			},
			"properties" : {
				"_edge_id" : 233,
				"_right_edge" : 168,
				"_left_edge" : 234,
				"_from_node" : 115,
				"_to_node" : 155
			}
		},
		{
			"type" : "Feature",
			"geometry" : {
				"type" : "LineString",
				"coordinates" : [
					[ 5.163479, 52.0684996 ],
					[ 5.1636424, 52.0684891 ],
					[ 5.1637519, 52.068501 ],
					[ 5.1638082, 52.0684958 ],
					[ 5.1638954, 52.0684889 ],
					[ 5.1639667, 52.0684787 ],
					[ 5.1640131, 52.0684821 ]
				]
			},
			"properties" : {
				"_edge_id" : 232,
				"_right_edge" : -53,
				"_left_edge" : -235,
				"_from_node" : 170,
				"_to_node" : 73
			}
		},
		{
			"type" : "Feature",
			"geometry" : {
				"type" : "LineString",
				"coordinates" : [
					[ 5.163479, 52.0684996 ],
					[ 5.1635297, 52.0684271 ],
					[ 5.1635533, 52.0683476 ],
					[ 5.1635475, 52.0682055 ],
					[ 5.1634819, 52.0680711 ],
					[ 5.1633891, 52.0679574 ],
					[ 5.1633694, 52.0678699 ],
					[ 5.1633557, 52.0677339 ],
					[ 5.1633324, 52.0671712 ],
					[ 5.1633203, 52.0671288 ],
					[ 5.1632984, 52.0670918 ],
					[ 5.1632386, 52.0670527 ],
					[ 5.1631421, 52.0670144 ],
					[ 5.1630355, 52.0669819 ],
					[ 5.1629374, 52.0669676 ],
					[ 5.1628477, 52.0669927 ],
					[ 5.1626938, 52.0670575 ],
					[ 5.1624116, 52.0671704 ],
					[ 5.1618908, 52.0673754 ],
					[ 5.1614477, 52.0675515 ],
					[ 5.1609884, 52.0677342 ],
					[ 5.160602, 52.0678902 ],
					[ 5.1604472, 52.0679748 ],
					[ 5.1603777, 52.0680281 ],
					[ 5.1600703, 52.0684304 ],
					[ 5.1597643, 52.0688428 ],
					[ 5.1594925, 52.0691848 ],
					[ 5.1594396, 52.0692757 ],
					[ 5.1589477, 52.06992 ]
				]
			},
			"properties" : {
				"_edge_id" : 231,
				"_right_edge" : 277,
				"_left_edge" : 232,
				"_from_node" : 170,
				"_to_node" : 171
			}
		},
		{
			"type" : "Feature",
			"geometry" : {
				"type" : "LineString",
				"coordinates" : [
					[ 5.1775605, 52.0686401 ],
					[ 5.1772541, 52.068872 ]
				]
			},
			"properties" : {
				"_edge_id" : 230,
				"_right_edge" : 28,
				"_left_edge" : -221,
				"_from_node" : 51,
				"_to_node" : 42
			}
		},
		{
			"type" : "Feature",
			"geometry" : {
				"type" : "LineString",
				"coordinates" : [
					[ 5.1674796, 52.0680073 ],
					[ 5.1684499, 52.0680774 ],
					[ 5.1696292, 52.0681735 ]
				]
			},
			"properties" : {
				"_edge_id" : 229,
				"_right_edge" : -119,
				"_left_edge" : -273,
				"_from_node" : 169,
				"_to_node" : 80
			}
		},
		{
			"type" : "Feature",
			"geometry" : {
				"type" : "LineString",
				"coordinates" : [
					[ 5.1655579, 52.0682715 ],
					[ 5.165414, 52.0682553 ],
					[ 5.1652496, 52.0682284 ],
					[ 5.1651975, 52.0682151 ],
					[ 5.1651595, 52.0682014 ],
					[ 5.1650739065, 52.0681221591 ]
				]
			},
			"properties" : {
				"_edge_id" : 228,
				"_right_edge" : -247,
				"_left_edge" : -155,
				"_from_node" : 149,
				"_to_node" : 87
			}
		},
		{
			"type" : "Feature",
			"geometry" : {
				"type" : "LineString",
				"coordinates" : [
					[ 5.1655579, 52.0682715 ],
					[ 5.1654175, 52.0683039 ],
					[ 5.1652984, 52.0683496 ],
					[ 5.1651833, 52.068363 ],
					[ 5.1650097, 52.0683575 ],
					[ 5.1649049, 52.068346 ],
					[ 5.1648446, 52.0683152 ],
					[ 5.1648119, 52.0682669 ],
					[ 5.1648101, 52.068161 ],
					[ 5.1648426, 52.0680581 ],
					[ 5.1648652, 52.0680241 ]
				]
			},
			"properties" : {
				"_edge_id" : 227,
				"_right_edge" : 246,
				"_left_edge" : 228,
				"_from_node" : 149,
				"_to_node" : 168
			}
		},
		{
			"type" : "Feature",
			"geometry" : {
				"type" : "LineString",
				"coordinates" : [
					[ 5.1653159, 52.0678609 ],
					[ 5.1654108, 52.0677768 ],
					[ 5.1655033, 52.0677037 ],
					[ 5.1655612, 52.0676378 ]
				]
			},
			"properties" : {
				"_edge_id" : 226,
				"_right_edge" : -135,
				"_left_edge" : -67,
				"_from_node" : 88,
				"_to_node" : 139
			}
		},
		{
			"type" : "Feature",
			"geometry" : {
				"type" : "LineString",
				"coordinates" : [
					[ 5.17567, 52.0689419 ],
					[ 5.1761286, 52.0691691 ]
				]
			},
			"properties" : {
				"_edge_id" : 225,
				"_right_edge" : -213,
				"_left_edge" : 224,
				"_from_node" : 167,
				"_to_node" : 106
			}
		},
		{
			"type" : "Feature",
			"geometry" : {
				"type" : "LineString",
				"coordinates" : [
					[ 5.17567, 52.0689419 ],
					[ 5.1756093, 52.0690004 ],
					[ 5.1756179, 52.0692262 ]
				]
			},
			"properties" : {
				"_edge_id" : 224,
				"_right_edge" : -92,
				"_left_edge" : -261,
				"_from_node" : 167,
				"_to_node" : 107
			}
		},
		{
			"type" : "Feature",
			"geometry" : {
				"type" : "LineString",
				"coordinates" : [
					[ 5.1756179, 52.0692262 ],
					[ 5.1756378, 52.0695042 ]
				]
			},
			"properties" : {
				"_edge_id" : 223,
				"_right_edge" : -71,
				"_left_edge" : 222,
				"_from_node" : 107,
				"_to_node" : 94
			}
		},
		{
			"type" : "Feature",
			"geometry" : {
				"type" : "LineString",
				"coordinates" : [
					[ 5.1756179, 52.0692262 ],
					[ 5.1755314, 52.069222 ],
					[ 5.1751909, 52.069293 ],
					[ 5.1751451, 52.0692885 ]
				]
			},
			"properties" : {
				"_edge_id" : 222,
				"_right_edge" : 177,
				"_left_edge" : -224,
				"_from_node" : 107,
				"_to_node" : 158
			}
		},
		{
			"type" : "Feature",
			"geometry" : {
				"type" : "LineString",
				"coordinates" : [
					[ 5.1768801, 52.0685484 ],
					[ 5.1770369, 52.0685813 ],
					[ 5.1772251, 52.0685676 ],
					[ 5.1773474, 52.0685527 ],
					[ 5.1774332, 52.0685568 ],
					[ 5.1775043, 52.0685865 ],
					[ 5.1775605, 52.0686401 ]
				]
			},
			"properties" : {
				"_edge_id" : 221,
				"_right_edge" : -35,
				"_left_edge" : -173,
				"_from_node" : 10,
				"_to_node" : 51
			}
		},
		{
			"type" : "Feature",
			"geometry" : {
				"type" : "LineString",
				"coordinates" : [
					[ 5.1587131, 52.0706164 ],
					[ 5.1587765, 52.0705905 ],
					[ 5.1589282, 52.0705664 ],
					[ 5.1598552, 52.0704886 ],
					[ 5.1604989, 52.0704359 ],
					[ 5.1613237, 52.0703751 ],
					[ 5.161813, 52.0703436 ]
				]
			},
			"properties" : {
				"_edge_id" : 220,
				"_right_edge" : 235,
				"_left_edge" : -175,
				"_from_node" : 62,
				"_to_node" : 166
			}
		},
		{
			"type" : "Feature",
			"geometry" : {
				"type" : "LineString",
				"coordinates" : [
					[ 5.1643346, 52.0686189 ],
					[ 5.1645411, 52.0686477 ],
					[ 5.1646518, 52.068677 ],
					[ 5.164748, 52.0687136 ],
					[ 5.1648242, 52.0687513 ]
				]
			},
			"properties" : {
				"_edge_id" : 219,
				"_right_edge" : 59,
				"_left_edge" : -188,
				"_from_node" : 145,
				"_to_node" : 77
			}
		},
		{
			"type" : "Feature",
			"geometry" : {
				"type" : "LineString",
				"coordinates" : [
					[ 5.1557091006, 52.0783780001 ],
					[ 5.1557029001, 52.0785623003 ],
					[ 5.1556953006, 52.0787590004 ],
					[ 5.1556989005, 52.0788104002 ],
					[ 5.1557099999, 52.0788693997 ],
					[ 5.1557262005, 52.0789289997 ],
					[ 5.1557455999, 52.0789815998 ],
					[ 5.1557869004, 52.0790595002 ],
					[ 5.1562073994, 52.0798302997 ],
					[ 5.1564673001, 52.0803092999 ],
					[ 5.1565527003, 52.0804582 ],
					[ 5.1565953005, 52.0804921996 ],
					[ 5.1566384002, 52.0805097 ],
					[ 5.1567177006, 52.0805299998 ],
					[ 5.1568105002, 52.0805343002 ],
					[ 5.1569290999, 52.0805134996 ],
					[ 5.1575355005, 52.0803900999 ],
					[ 5.1576789995, 52.0803748001 ],
					[ 5.1578017995, 52.0803673999 ],
					[ 5.1580345003, 52.0803507001 ],
					[ 5.1580929004, 52.0803437004 ],
					[ 5.1581552003, 52.0803251999 ],
					[ 5.1582042003, 52.0802892997 ],
					[ 5.1583211999, 52.0802197004 ],
					[ 5.1584306002, 52.0801894997 ],
					[ 5.1587834004, 52.0801188001 ],
					[ 5.1592788995, 52.0800218001 ]
				]
			},
			"properties" : {
				"_edge_id" : 218,
				"_right_edge" : 151,
				"_left_edge" : 218,
				"_from_node" : 165,
				"_to_node" : 133
			}
		},
		{
			"type" : "Feature",
			"geometry" : {
				"type" : "LineString",
				"coordinates" : [
					[ 5.168488, 52.076408 ],
					[ 5.1683396, 52.0764557 ],
					[ 5.1680759, 52.0764685 ],
					[ 5.1678634, 52.0764991 ],
					[ 5.1675963, 52.0765668 ],
					[ 5.1674507, 52.0766018 ],
					[ 5.1671335, 52.0766474 ]
				]
			},
			"properties" : {
				"_edge_id" : 217,
				"_right_edge" : 241,
				"_left_edge" : -257,
				"_from_node" : 164,
				"_to_node" : 154
			}
		},
		{
			"type" : "Feature",
			"geometry" : {
				"type" : "LineString",
				"coordinates" : [
					[ 5.168488, 52.076408 ],
					[ 5.168737, 52.0765358 ],
					[ 5.1689744, 52.076623 ],
					[ 5.1692877, 52.0767475 ]
				]
			},
			"properties" : {
				"_edge_id" : 216,
				"_right_edge" : -46,
				"_left_edge" : 217,
				"_from_node" : 164,
				"_to_node" : 65
			}
		},
		{
			"type" : "Feature",
			"geometry" : {
				"type" : "LineString",
				"coordinates" : [
					[ 5.1766775, 52.0702428 ],
					[ 5.1765776, 52.0702905 ],
					[ 5.1763804, 52.0703499 ],
					[ 5.176281, 52.0703919 ]
				]
			},
			"properties" : {
				"_edge_id" : 215,
				"_right_edge" : 97,
				"_left_edge" : 214,
				"_from_node" : 160,
				"_to_node" : 113
			}
		},
		{
			"type" : "Feature",
			"geometry" : {
				"type" : "LineString",
				"coordinates" : [
					[ 5.1766775, 52.0702428 ],
					[ 5.17663, 52.0700036 ]
				]
			},
			"properties" : {
				"_edge_id" : 214,
				"_right_edge" : -179,
				"_left_edge" : -278,
				"_from_node" : 160,
				"_to_node" : 90
			}
		},
		{
			"type" : "Feature",
			"geometry" : {
				"type" : "LineString",
				"coordinates" : [
					[ 5.1762735, 52.0689991 ],
					[ 5.1761286, 52.0691691 ]
				]
			},
			"properties" : {
				"_edge_id" : 213,
				"_right_edge" : 91,
				"_left_edge" : -5,
				"_from_node" : 9,
				"_to_node" : 106
			}
		},
		{
			"type" : "Feature",
			"geometry" : {
				"type" : "LineString",
				"coordinates" : [
					[ 5.1762735, 52.0689991 ],
					[ 5.1764448, 52.06903 ],
					[ 5.1765414, 52.0690737 ],
					[ 5.1766741, 52.0691611 ],
					[ 5.1767656, 52.0692369 ]
				]
			},
			"properties" : {
				"_edge_id" : 212,
				"_right_edge" : -22,
				"_left_edge" : 213,
				"_from_node" : 9,
				"_to_node" : 34
			}
		},
		{
			"type" : "Feature",
			"geometry" : {
				"type" : "LineString",
				"coordinates" : [
					[ 5.1699469, 52.0668736 ],
					[ 5.169972, 52.0669436 ],
					[ 5.1699979, 52.0670021 ],
					[ 5.1700253, 52.0670221 ],
					[ 5.1700743, 52.0670332 ]
				]
			},
			"properties" : {
				"_edge_id" : 211,
				"_right_edge" : -150,
				"_left_edge" : -18,
				"_from_node" : 29,
				"_to_node" : 147
			}
		},
		{
			"type" : "Feature",
			"geometry" : {
				"type" : "LineString",
				"coordinates" : [
					[ 5.1699469, 52.0668736 ],
					[ 5.1700097, 52.0669125 ],
					[ 5.1700503, 52.0669328 ],
					[ 5.170079, 52.0669864 ]
				]
			},
			"properties" : {
				"_edge_id" : 210,
				"_right_edge" : -3,
				"_left_edge" : 211,
				"_from_node" : 29,
				"_to_node" : 5
			}
		},
		{
			"type" : "Feature",
			"geometry" : {
				"type" : "LineString",
				"coordinates" : [
					[ 5.1747929, 52.069589 ],
					[ 5.1752524, 52.0698367 ]
				]
			},
			"properties" : {
				"_edge_id" : 209,
				"_right_edge" : -197,
				"_left_edge" : -13,
				"_from_node" : 20,
				"_to_node" : 6
			}
		},
		{
			"type" : "Feature",
			"geometry" : {
				"type" : "LineString",
				"coordinates" : [
					[ 5.1747929, 52.069589 ],
					[ 5.1749357, 52.0694622 ],
					[ 5.1751451, 52.0692885 ]
				]
			},
			"properties" : {
				"_edge_id" : 208,
				"_right_edge" : 176,
				"_left_edge" : -198,
				"_from_node" : 20,
				"_to_node" : 158
			}
		},
		{
			"type" : "Feature",
			"geometry" : {
				"type" : "LineString",
				"coordinates" : [
					[ 5.1696007, 52.0705778 ],
					[ 5.1681898, 52.0708534 ],
					[ 5.1678974, 52.0709086 ],
					[ 5.1678418, 52.0708789 ],
					[ 5.1678214, 52.0708334 ],
					[ 5.1677135, 52.0701104 ]
				]
			},
			"properties" : {
				"_edge_id" : 207,
				"_right_edge" : 259,
				"_left_edge" : -258,
				"_from_node" : 124,
				"_to_node" : 143
			}
		},
		{
			"type" : "Feature",
			"geometry" : {
				"type" : "LineString",
				"coordinates" : [
					[ 5.1559796, 52.0690153 ],
					[ 5.156243, 52.0690275 ]
				]
			},
			"properties" : {
				"_edge_id" : 206,
				"_right_edge" : 18,
				"_left_edge" : 205,
				"_from_node" : 163,
				"_to_node" : 28
			}
		},
		{
			"type" : "Feature",
			"geometry" : {
				"type" : "LineString",
				"coordinates" : [
					[ 5.1559796, 52.0690153 ],
					[ 5.1560235, 52.0690562 ],
					[ 5.1560641, 52.0691066 ],
					[ 5.1560999, 52.0691663 ],
					[ 5.1561159, 52.0692164 ]
				]
			},
			"properties" : {
				"_edge_id" : 205,
				"_right_edge" : 138,
				"_left_edge" : 204,
				"_from_node" : 163,
				"_to_node" : 55
			}
		},
		{
			"type" : "Feature",
			"geometry" : {
				"type" : "LineString",
				"coordinates" : [
					[ 5.1559796, 52.0690153 ],
					[ 5.1542438, 52.068929 ],
					[ 5.1532538, 52.0688833 ],
					[ 5.1530235, 52.0688861 ],
					[ 5.1529646, 52.0688961 ],
					[ 5.1529071, 52.0689124 ],
					[ 5.1526433, 52.0690249 ],
					[ 5.1524486, 52.0691014 ],
					[ 5.1522684, 52.0691843 ],
					[ 5.1520468, 52.0693026 ],
					[ 5.1519468, 52.0693588 ],
					[ 5.151845, 52.0694278 ],
					[ 5.1517441, 52.0694991 ],
					[ 5.1516979, 52.0695165 ],
					[ 5.1516393, 52.0695162 ],
					[ 5.1516328, 52.0695647 ],
					[ 5.1516013, 52.0696066 ],
					[ 5.1515775, 52.0696403 ],
					[ 5.1515667, 52.0696651 ]
				]
			},
			"properties" : {
				"_edge_id" : 204,
				"_right_edge" : 41,
				"_left_edge" : 206,
				"_from_node" : 163,
				"_to_node" : 56
			}
		},
		{
			"type" : "Feature",
			"geometry" : {
				"type" : "LineString",
				"coordinates" : [
					[ 5.1694728, 52.0647165 ],
					[ 5.1695155, 52.0656154 ],
					[ 5.1695263, 52.065788 ],
					[ 5.1695708, 52.0665006 ],
					[ 5.1696103, 52.066562 ],
					[ 5.1696707, 52.0666103 ],
					[ 5.1697346, 52.0666493 ],
					[ 5.1698595, 52.0667038 ],
					[ 5.1700189, 52.06681 ]
				]
			},
			"properties" : {
				"_edge_id" : 203,
				"_right_edge" : 2,
				"_left_edge" : -9,
				"_from_node" : 15,
				"_to_node" : 3
			}
		},
		{
			"type" : "Feature",
			"geometry" : {
				"type" : "LineString",
				"coordinates" : [
					[ 5.1805672, 52.0732436 ],
					[ 5.1804636, 52.0738098 ],
					[ 5.1804559, 52.0739193 ],
					[ 5.1804637, 52.0739724 ],
					[ 5.1804919, 52.0740324 ],
					[ 5.1805518, 52.0740759 ],
					[ 5.1811444, 52.0744685 ],
					[ 5.1814585, 52.0747025 ],
					[ 5.1815639, 52.0748295 ],
					[ 5.1816197, 52.0749843 ],
					[ 5.1816668, 52.0751773 ],
					[ 5.1816831, 52.0753035 ],
					[ 5.1816849, 52.0753794 ],
					[ 5.1816578, 52.0754601 ],
					[ 5.1816023, 52.0755314 ],
					[ 5.1813574, 52.0757445 ],
					[ 5.1812127, 52.0758574 ],
					[ 5.1811678, 52.0758967 ],
					[ 5.1811489, 52.0759369 ],
					[ 5.1811466, 52.0759859 ],
					[ 5.1811887, 52.0760284 ],
					[ 5.1814471, 52.0761658 ],
					[ 5.1814942, 52.0761919 ]
				]
			},
			"properties" : {
				"_edge_id" : 202,
				"_right_edge" : -121,
				"_left_edge" : -23,
				"_from_node" : 36,
				"_to_node" : 126
			}
		},
		{
			"type" : "Feature",
			"geometry" : {
				"type" : "LineString",
				"coordinates" : [
					[ 5.1756378, 52.0695042 ],
					[ 5.1752191, 52.0695448 ]
				]
			},
			"properties" : {
				"_edge_id" : 201,
				"_right_edge" : 197,
				"_left_edge" : -223,
				"_from_node" : 94,
				"_to_node" : 159
			}
		},
		{
			"type" : "Feature",
			"geometry" : {
				"type" : "LineString",
				"coordinates" : [
					[ 5.1756378, 52.0695042 ],
					[ 5.1757568, 52.0695733 ],
					[ 5.1761137, 52.0697297 ]
				]
			},
			"properties" : {
				"_edge_id" : 200,
				"_right_edge" : -133,
				"_left_edge" : 199,
				"_from_node" : 94,
				"_to_node" : 137
			}
		},
		{
			"type" : "Feature",
			"geometry" : {
				"type" : "LineString",
				"coordinates" : [
					[ 5.1756378, 52.0695042 ],
					[ 5.1756777, 52.0699649 ],
					[ 5.17571, 52.0700347 ]
				]
			},
			"properties" : {
				"_edge_id" : 199,
				"_right_edge" : -141,
				"_left_edge" : 201,
				"_from_node" : 94,
				"_to_node" : 116
			}
		},
		{
			"type" : "Feature",
			"geometry" : {
				"type" : "LineString",
				"coordinates" : [
					[ 5.1752191, 52.0695448 ],
					[ 5.1747929, 52.069589 ]
				]
			},
			"properties" : {
				"_edge_id" : 198,
				"_right_edge" : 209,
				"_left_edge" : -177,
				"_from_node" : 159,
				"_to_node" : 20
			}
		},
		{
			"type" : "Feature",
			"geometry" : {
				"type" : "LineString",
				"coordinates" : [
					[ 5.1752191, 52.0695448 ],
					[ 5.1752524, 52.0698367 ]
				]
			},
			"properties" : {
				"_edge_id" : 197,
				"_right_edge" : 4,
				"_left_edge" : 198,
				"_from_node" : 159,
				"_to_node" : 6
			}
		},
		{
			"type" : "Feature",
			"geometry" : {
				"type" : "LineString",
				"coordinates" : [
					[ 5.1702323, 52.0670575 ],
					[ 5.1703149, 52.0670694 ],
					[ 5.1704026, 52.0670903 ],
					[ 5.1705256, 52.0671278 ]
				]
			},
			"properties" : {
				"_edge_id" : 196,
				"_right_edge" : 285,
				"_left_edge" : -187,
				"_from_node" : 146,
				"_to_node" : 162
			}
		},
		{
			"type" : "Feature",
			"geometry" : {
				"type" : "LineString",
				"coordinates" : [
					[ 5.1694025, 52.0672521 ],
					[ 5.1694613, 52.0672342 ],
					[ 5.1695019, 52.0672257 ],
					[ 5.1695826, 52.0672256 ],
					[ 5.1696329, 52.0672297 ],
					[ 5.1697446, 52.0672605 ],
					[ 5.1697857, 52.067289 ]
				]
			},
			"properties" : {
				"_edge_id" : 195,
				"_right_edge" : 283,
				"_left_edge" : -284,
				"_from_node" : 151,
				"_to_node" : 161
			}
		},
		{
			"type" : "Feature",
			"geometry" : {
				"type" : "LineString",
				"coordinates" : [
					[ 5.1776871, 52.0688909 ],
					[ 5.1776388, 52.0687511 ]
				]
			},
			"properties" : {
				"_edge_id" : 194,
				"_right_edge" : 269,
				"_left_edge" : -168,
				"_from_node" : 157,
				"_to_node" : 156
			}
		},
		{
			"type" : "Feature",
			"geometry" : {
				"type" : "LineString",
				"coordinates" : [
					[ 5.1675775, 52.0691185 ],
					[ 5.1692092, 52.0683496 ]
				]
			},
			"properties" : {
				"_edge_id" : 193,
				"_right_edge" : 114,
				"_left_edge" : 191,
				"_from_node" : 69,
				"_to_node" : 121
			}
		},
		{
			"type" : "Feature",
			"geometry" : {
				"type" : "LineString",
				"coordinates" : [
					[ 5.1675775, 52.0691185 ],
					[ 5.167538, 52.0688239 ]
				]
			},
			"properties" : {
				"_edge_id" : 192,
				"_right_edge" : -15,
				"_left_edge" : 193,
				"_from_node" : 69,
				"_to_node" : 24
			}
		},
		{
			"type" : "Feature",
			"geometry" : {
				"type" : "LineString",
				"coordinates" : [
					[ 5.1675775, 52.0691185 ],
					[ 5.1676162, 52.069154 ],
					[ 5.1679056, 52.0692297 ],
					[ 5.1680474, 52.0692607 ],
					[ 5.1682413, 52.0692795 ],
					[ 5.1683521, 52.0692826 ],
					[ 5.168516, 52.0692282 ],
					[ 5.1685704, 52.069204 ],
					[ 5.1686449, 52.069244 ],
					[ 5.1688364, 52.0693248 ],
					[ 5.1689718, 52.0693693 ],
					[ 5.1692173, 52.06945 ]
				]
			},
			"properties" : {
				"_edge_id" : 191,
				"_right_edge" : -137,
				"_left_edge" : -84,
				"_from_node" : 69,
				"_to_node" : 140
			}
		},
		{
			"type" : "Feature",
			"geometry" : {
				"type" : "LineString",
				"coordinates" : [
					[ 5.1657734, 52.0668844 ],
					[ 5.1658159, 52.0668659 ],
					[ 5.1658641, 52.0668527 ],
					[ 5.1659849, 52.0668457 ],
					[ 5.166218, 52.0668757 ],
					[ 5.1672712, 52.0670059 ],
					[ 5.1673185, 52.0670497 ],
					[ 5.1673027, 52.0674203 ]
				]
			},
			"properties" : {
				"_edge_id" : 190,
				"_right_edge" : 87,
				"_left_edge" : -123,
				"_from_node" : 128,
				"_to_node" : 104
			}
		},
		{
			"type" : "Feature",
			"geometry" : {
				"type" : "LineString",
				"coordinates" : [
					[ 5.1640775, 52.0687341 ],
					[ 5.1640555, 52.0686853 ],
					[ 5.1640391, 52.0685396 ],
					[ 5.1640131, 52.0684821 ]
				]
			},
			"properties" : {
				"_edge_id" : 189,
				"_right_edge" : -232,
				"_left_edge" : 188,
				"_from_node" : 68,
				"_to_node" : 73
			}
		},
		{
			"type" : "Feature",
			"geometry" : {
				"type" : "LineString",
				"coordinates" : [
					[ 5.1640775, 52.0687341 ],
					[ 5.1641345, 52.068713 ],
					[ 5.1642697, 52.068648 ],
					[ 5.1643346, 52.0686189 ]
				]
			},
			"properties" : {
				"_edge_id" : 188,
				"_right_edge" : -148,
				"_left_edge" : -48,
				"_from_node" : 68,
				"_to_node" : 145
			}
		},
		{
			"type" : "Feature",
			"geometry" : {
				"type" : "LineString",
				"coordinates" : [
					[ 5.1700743, 52.0670332 ],
					[ 5.1702323, 52.0670575 ]
				]
			},
			"properties" : {
				"_edge_id" : 187,
				"_right_edge" : -149,
				"_left_edge" : 186,
				"_from_node" : 147,
				"_to_node" : 146
			}
		},
		{
			"type" : "Feature",
			"geometry" : {
				"type" : "LineString",
				"coordinates" : [
					[ 5.1700743, 52.0670332 ],
					[ 5.1700651, 52.067052 ],
					[ 5.1700329, 52.0672415 ],
					[ 5.1700323, 52.0673086 ]
				]
			},
			"properties" : {
				"_edge_id" : 186,
				"_right_edge" : 126,
				"_left_edge" : -211,
				"_from_node" : 147,
				"_to_node" : 130
			}
		},
		{
			"type" : "Feature",
			"geometry" : {
				"type" : "LineString",
				"coordinates" : [
					[ 5.1655612, 52.0676378 ],
					[ 5.1656852, 52.0676607 ],
					[ 5.1657763, 52.0676594 ],
					[ 5.1658178, 52.0676537 ]
				]
			},
			"properties" : {
				"_edge_id" : 185,
				"_right_edge" : 139,
				"_left_edge" : -226,
				"_from_node" : 139,
				"_to_node" : 141
			}
		},
		{
			"type" : "Feature",
			"geometry" : {
				"type" : "LineString",
				"coordinates" : [
					[ 5.1685794, 52.0773024 ],
					[ 5.1686524, 52.0773392 ],
					[ 5.1691023, 52.0775328 ],
					[ 5.1693872, 52.0776488 ],
					[ 5.1700908, 52.0779468 ],
					[ 5.1708478, 52.0782477 ]
				]
			},
			"properties" : {
				"_edge_id" : 184,
				"_right_edge" : 75,
				"_left_edge" : -241,
				"_from_node" : 117,
				"_to_node" : 97
			}
		},
		{
			"type" : "Feature",
			"geometry" : {
				"type" : "LineString",
				"coordinates" : [
					[ 5.1766781, 52.0706037 ],
					[ 5.1768474, 52.0706931 ]
				]
			},
			"properties" : {
				"_edge_id" : 183,
				"_right_edge" : -116,
				"_left_edge" : -97,
				"_from_node" : 114,
				"_to_node" : 123
			}
		},
		{
			"type" : "Feature",
			"geometry" : {
				"type" : "LineString",
				"coordinates" : [
					[ 5.1766781, 52.0706037 ],
					[ 5.1766958, 52.0705906 ],
					[ 5.1767231, 52.0705469 ],
					[ 5.1767009, 52.0703762 ],
					[ 5.1766775, 52.0702428 ]
				]
			},
			"properties" : {
				"_edge_id" : 182,
				"_right_edge" : 215,
				"_left_edge" : 183,
				"_from_node" : 114,
				"_to_node" : 160
			}
		},
		{
			"type" : "Feature",
			"geometry" : {
				"type" : "LineString",
				"coordinates" : [
					[ 5.1748353, 52.0653121 ],
					[ 5.174321, 52.0651426 ],
					[ 5.1739317, 52.0650147 ],
					[ 5.1735761, 52.0649198 ],
					[ 5.1732469, 52.0648396 ],
					[ 5.1728859, 52.0647668 ],
					[ 5.1727234, 52.0647358 ],
					[ 5.1725546, 52.0647085 ],
					[ 5.1724297, 52.0647078 ],
					[ 5.1723255, 52.0647022 ],
					[ 5.1715379, 52.0647023 ],
					[ 5.1709039, 52.064692 ],
					[ 5.169812, 52.0646958 ],
					[ 5.1697709, 52.064713 ],
					[ 5.1694728, 52.0647165 ]
				]
			},
			"properties" : {
				"_edge_id" : 181,
				"_right_edge" : 203,
				"_left_edge" : -11,
				"_from_node" : 17,
				"_to_node" : 15
			}
		},
		{
			"type" : "Feature",
			"geometry" : {
				"type" : "LineString",
				"coordinates" : [
					[ 5.1748353, 52.0653121 ],
					[ 5.1747282, 52.0654812 ],
					[ 5.1747287, 52.0655203 ],
					[ 5.1747665, 52.0655529 ],
					[ 5.1748131, 52.0655847 ],
					[ 5.1748553, 52.0655976 ],
					[ 5.1749419, 52.0656241 ],
					[ 5.1750024, 52.0656464 ],
					[ 5.1752375, 52.0657135 ],
					[ 5.1753569, 52.0657813 ],
					[ 5.1754361, 52.0658442 ],
					[ 5.1756606, 52.0660271 ],
					[ 5.1758732, 52.0662015 ],
					[ 5.1761718, 52.0664623 ],
					[ 5.1764878, 52.0666537 ],
					[ 5.1767959, 52.0668198 ],
					[ 5.1769984, 52.066918 ],
					[ 5.1773472, 52.0670588 ],
					[ 5.1775489, 52.0671574 ],
					[ 5.1776632, 52.0672349 ],
					[ 5.1778556, 52.0673489 ],
					[ 5.1779357, 52.0673976 ],
					[ 5.177981, 52.0674376 ],
					[ 5.1780035, 52.0674674 ],
					[ 5.1780104, 52.0674882 ],
					[ 5.1780955, 52.0674886 ],
					[ 5.1781644, 52.0675026 ]
				]
			},
			"properties" : {
				"_edge_id" : 180,
				"_right_edge" : -81,
				"_left_edge" : 181,
				"_from_node" : 17,
				"_to_node" : 48
			}
		},
		{
			"type" : "Feature",
			"geometry" : {
				"type" : "LineString",
				"coordinates" : [
					[ 5.1756724, 52.0700631 ],
					[ 5.1758279, 52.0700391 ],
					[ 5.1762544, 52.070016 ],
					[ 5.17663, 52.0700036 ]
				]
			},
			"properties" : {
				"_edge_id" : 179,
				"_right_edge" : -142,
				"_left_edge" : 178,
				"_from_node" : 7,
				"_to_node" : 90
			}
		},
		{
			"type" : "Feature",
			"geometry" : {
				"type" : "LineString",
				"coordinates" : [
					[ 5.1756724, 52.0700631 ],
					[ 5.176281, 52.0703919 ]
				]
			},
			"properties" : {
				"_edge_id" : 178,
				"_right_edge" : -215,
				"_left_edge" : -4,
				"_from_node" : 7,
				"_to_node" : 113
			}
		},
		{
			"type" : "Feature",
			"geometry" : {
				"type" : "LineString",
				"coordinates" : [
					[ 5.1751451, 52.0692885 ],
					[ 5.1751721, 52.069307 ],
					[ 5.1752191, 52.0695448 ]
				]
			},
			"properties" : {
				"_edge_id" : 177,
				"_right_edge" : -201,
				"_left_edge" : -208,
				"_from_node" : 158,
				"_to_node" : 159
			}
		},
		{
			"type" : "Feature",
			"geometry" : {
				"type" : "LineString",
				"coordinates" : [
					[ 5.1751451, 52.0692885 ],
					[ 5.1754139, 52.0690283 ],
					[ 5.1755026, 52.0689486 ],
					[ 5.1755674, 52.0688901 ]
				]
			},
			"properties" : {
				"_edge_id" : 176,
				"_right_edge" : -125,
				"_left_edge" : -222,
				"_from_node" : 158,
				"_to_node" : 120
			}
		},
		{
			"type" : "Feature",
			"geometry" : {
				"type" : "LineString",
				"coordinates" : [
					[ 5.1584455, 52.0712132 ],
					[ 5.1585117, 52.0711994 ],
					[ 5.158585, 52.0711516 ],
					[ 5.1586184, 52.0710881 ],
					[ 5.1586299, 52.0710178 ],
					[ 5.1586466, 52.0709446 ],
					[ 5.1586421, 52.0708094 ],
					[ 5.1586447, 52.0707567 ],
					[ 5.1586579, 52.0706959 ],
					[ 5.1586756, 52.0706655 ],
					[ 5.1587131, 52.0706164 ]
				]
			},
			"properties" : {
				"_edge_id" : 175,
				"_right_edge" : -44,
				"_left_edge" : -66,
				"_from_node" : 86,
				"_to_node" : 62
			}
		},
		{
			"type" : "Feature",
			"geometry" : {
				"type" : "LineString",
				"coordinates" : [
					[ 5.1768513, 52.0686171 ],
					[ 5.176905, 52.0686612 ]
				]
			},
			"properties" : {
				"_edge_id" : 174,
				"_right_edge" : 54,
				"_left_edge" : -37,
				"_from_node" : 53,
				"_to_node" : 54
			}
		},
		{
			"type" : "Feature",
			"geometry" : {
				"type" : "LineString",
				"coordinates" : [
					[ 5.1768513, 52.0686171 ],
					[ 5.1768801, 52.0685484 ]
				]
			},
			"properties" : {
				"_edge_id" : 173,
				"_right_edge" : -6,
				"_left_edge" : 174,
				"_from_node" : 53,
				"_to_node" : 10
			}
		},
		{
			"type" : "Feature",
			"geometry" : {
				"type" : "LineString",
				"coordinates" : [
					[ 5.164988, 52.068813 ],
					[ 5.1650411, 52.0688303 ],
					[ 5.1651059, 52.0688298 ],
					[ 5.1651849, 52.0688019 ]
				]
			},
			"properties" : {
				"_edge_id" : 172,
				"_right_edge" : -171,
				"_left_edge" : -60,
				"_from_node" : 79,
				"_to_node" : 111
			}
		},
		{
			"type" : "Feature",
			"geometry" : {
				"type" : "LineString",
				"coordinates" : [
					[ 5.164988, 52.068813 ],
					[ 5.1650754, 52.0687476 ],
					[ 5.1651127, 52.0687456 ],
					[ 5.1651849, 52.0688019 ]
				]
			},
			"properties" : {
				"_edge_id" : 171,
				"_right_edge" : 95,
				"_left_edge" : 172,
				"_from_node" : 79,
				"_to_node" : 111
			}
		},
		{
			"type" : "Feature",
			"geometry" : {
				"type" : "LineString",
				"coordinates" : [
					[ 5.171271, 52.0751629 ],
					[ 5.1705818, 52.0756993 ]
				]
			},
			"properties" : {
				"_edge_id" : 170,
				"_right_edge" : -19,
				"_left_edge" : 169,
				"_from_node" : 136,
				"_to_node" : 31
			}
		},
		{
			"type" : "Feature",
			"geometry" : {
				"type" : "LineString",
				"coordinates" : [
					[ 5.171271, 52.0751629 ],
					[ 5.1711591, 52.075154 ],
					[ 5.1710586, 52.0751654 ],
					[ 5.1705748, 52.0753924 ],
					[ 5.1704478, 52.0754509 ],
					[ 5.1703789, 52.0754532 ]
				]
			},
			"properties" : {
				"_edge_id" : 169,
				"_right_edge" : -88,
				"_left_edge" : -132,
				"_from_node" : 136,
				"_to_node" : 105
			}
		},
		{
			"type" : "Feature",
			"geometry" : {
				"type" : "LineString",
				"coordinates" : [
					[ 5.1777978, 52.0688465 ],
					[ 5.1777759, 52.0688527 ],
					[ 5.1777504, 52.0688588 ],
					[ 5.1777232, 52.0688683 ],
					[ 5.1776871, 52.0688909 ]
				]
			},
			"properties" : {
				"_edge_id" : 168,
				"_right_edge" : -256,
				"_left_edge" : 167,
				"_from_node" : 155,
				"_to_node" : 157
			}
		},
		{
			"type" : "Feature",
			"geometry" : {
				"type" : "LineString",
				"coordinates" : [
					[ 5.1777978, 52.0688465 ],
					[ 5.1777056, 52.0687966 ],
					[ 5.1776388, 52.0687511 ]
				]
			},
			"properties" : {
				"_edge_id" : 167,
				"_right_edge" : -194,
				"_left_edge" : -233,
				"_from_node" : 155,
				"_to_node" : 156
			}
		},
		{
			"type" : "Feature",
			"geometry" : {
				"type" : "LineString",
				"coordinates" : [
					[ 5.1670026, 52.076567 ],
					[ 5.1670395, 52.0765911 ],
					[ 5.1670757, 52.076616 ],
					[ 5.1671335, 52.0766474 ]
				]
			},
			"properties" : {
				"_edge_id" : 166,
				"_right_edge" : -217,
				"_left_edge" : 165,
				"_from_node" : 153,
				"_to_node" : 154
			}
		},
		{
			"type" : "Feature",
			"geometry" : {
				"type" : "LineString",
				"coordinates" : [
					[ 5.1670026, 52.076567 ],
					[ 5.1661895, 52.0769478 ],
					[ 5.1651823, 52.0773595 ]
				]
			},
			"properties" : {
				"_edge_id" : 165,
				"_right_edge" : 96,
				"_left_edge" : -266,
				"_from_node" : 153,
				"_to_node" : 67
			}
		},
		{
			"type" : "Feature",
			"geometry" : {
				"type" : "LineString",
				"coordinates" : [
					[ 5.1719752, 52.0742315 ],
					[ 5.171762, 52.0743739 ],
					[ 5.1715157, 52.0745348 ],
					[ 5.1712165, 52.0746869 ],
					[ 5.1700875, 52.075178 ]
				]
			},
			"properties" : {
				"_edge_id" : 164,
				"_right_edge" : 268,
				"_left_edge" : -161,
				"_from_node" : 135,
				"_to_node" : 152
			}
		},
		{
			"type" : "Feature",
			"geometry" : {
				"type" : "LineString",
				"coordinates" : [
					[ 5.1772602, 52.0690511 ],
					[ 5.1771761, 52.0690926 ],
					[ 5.1770443, 52.0690299 ]
				]
			},
			"properties" : {
				"_edge_id" : 163,
				"_right_edge" : 22,
				"_left_edge" : -83,
				"_from_node" : 103,
				"_to_node" : 32
			}
		},
		{
			"type" : "Feature",
			"geometry" : {
				"type" : "LineString",
				"coordinates" : [
					[ 5.1696040922, 52.0676048838 ],
					[ 5.1694271, 52.0676927 ]
				]
			},
			"properties" : {
				"_edge_id" : 162,
				"_right_edge" : 158,
				"_left_edge" : -243,
				"_from_node" : 72,
				"_to_node" : 150
			}
		},
		{
			"type" : "Feature",
			"geometry" : {
				"type" : "LineString",
				"coordinates" : [
					[ 5.1740476, 52.0729322 ],
					[ 5.1738585, 52.0729667 ],
					[ 5.173716, 52.0730026 ],
					[ 5.1736124, 52.0730368 ],
					[ 5.1735198, 52.0730835 ],
					[ 5.1731462, 52.0733575 ],
					[ 5.1723354, 52.0739514 ],
					[ 5.1719752, 52.0742315 ]
				]
			},
			"properties" : {
				"_edge_id" : 161,
				"_right_edge" : -131,
				"_left_edge" : -140,
				"_from_node" : 37,
				"_to_node" : 135
			}
		},
		{
			"type" : "Feature",
			"geometry" : {
				"type" : "LineString",
				"coordinates" : [
					[ 5.1740476, 52.0729322 ],
					[ 5.1739482, 52.0730123 ],
					[ 5.1721253, 52.0744673 ]
				]
			},
			"properties" : {
				"_edge_id" : 160,
				"_right_edge" : 132,
				"_left_edge" : 161,
				"_from_node" : 37,
				"_to_node" : 134
			}
		},
		{
			"type" : "Feature",
			"geometry" : {
				"type" : "LineString",
				"coordinates" : [
					[ 5.1699797, 52.06757 ],
					[ 5.1699528, 52.0677136 ],
					[ 5.1699236, 52.0678161 ],
					[ 5.1698433, 52.0678736 ],
					[ 5.1696303, 52.0679164 ]
				]
			},
			"properties" : {
				"_edge_id" : 159,
				"_right_edge" : 119,
				"_left_edge" : -242,
				"_from_node" : 131,
				"_to_node" : 125
			}
		},
		{
			"type" : "Feature",
			"geometry" : {
				"type" : "LineString",
				"coordinates" : [
					[ 5.1694271, 52.0676927 ],
					[ 5.1696219, 52.0677889 ]
				]
			},
			"properties" : {
				"_edge_id" : 158,
				"_right_edge" : 146,
				"_left_edge" : 157,
				"_from_node" : 150,
				"_to_node" : 144
			}
		},
		{
			"type" : "Feature",
			"geometry" : {
				"type" : "LineString",
				"coordinates" : [
					[ 5.1694271, 52.0676927 ],
					[ 5.1693444, 52.067704 ],
					[ 5.169259, 52.0676975 ],
					[ 5.1691668, 52.0676873 ],
					[ 5.1690929, 52.0676565 ],
					[ 5.1690972, 52.0676169 ],
					[ 5.1690945, 52.0674539 ],
					[ 5.1690787, 52.0673703 ],
					[ 5.1690836, 52.0673097 ],
					[ 5.1690499, 52.0672578 ],
					[ 5.169042, 52.0672305 ],
					[ 5.1690637, 52.0671799 ],
					[ 5.1690791, 52.0671562 ],
					[ 5.1691828, 52.0671981 ],
					[ 5.1693195, 52.0672439 ],
					[ 5.1694025, 52.0672521 ]
				]
			},
			"properties" : {
				"_edge_id" : 157,
				"_right_edge" : 195,
				"_left_edge" : -162,
				"_from_node" : 150,
				"_to_node" : 151
			}
		},
		{
			"type" : "Feature",
			"geometry" : {
				"type" : "LineString",
				"coordinates" : [
					[ 5.167538, 52.0688239 ],
					[ 5.1674156, 52.0680032 ]
				]
			},
			"properties" : {
				"_edge_id" : 156,
				"_right_edge" : -62,
				"_left_edge" : -272,
				"_from_node" : 24,
				"_to_node" : 83
			}
		},
		{
			"type" : "Feature",
			"geometry" : {
				"type" : "LineString",
				"coordinates" : [
					[ 5.1657942, 52.0682848 ],
					[ 5.1656887, 52.0682758 ],
					[ 5.1656048, 52.0682688 ],
					[ 5.1655579, 52.0682715 ]
				]
			},
			"properties" : {
				"_edge_id" : 155,
				"_right_edge" : 227,
				"_left_edge" : 154,
				"_from_node" : 76,
				"_to_node" : 149
			}
		},
		{
			"type" : "Feature",
			"geometry" : {
				"type" : "LineString",
				"coordinates" : [
					[ 5.1657942, 52.0682848 ],
					[ 5.1656799, 52.068113 ],
					[ 5.1656408, 52.068017 ],
					[ 5.1656888, 52.0678907 ],
					[ 5.1656942, 52.0678194 ],
					[ 5.1657935, 52.0677055 ],
					[ 5.1658178, 52.0676537 ]
				]
			},
			"properties" : {
				"_edge_id" : 154,
				"_right_edge" : -185,
				"_left_edge" : -58,
				"_from_node" : 76,
				"_to_node" : 141
			}
		},
		{
			"type" : "Feature",
			"geometry" : {
				"type" : "LineString",
				"coordinates" : [
					[ 5.1717951, 52.0683425 ],
					[ 5.1717817, 52.0684405 ]
				]
			},
			"properties" : {
				"_edge_id" : 153,
				"_right_edge" : 80,
				"_left_edge" : -61,
				"_from_node" : 81,
				"_to_node" : 99
			}
		},
		{
			"type" : "Feature",
			"geometry" : {
				"type" : "LineString",
				"coordinates" : [
					[ 5.1717951, 52.0683425 ],
					[ 5.1719132, 52.0683829 ],
					[ 5.1720696, 52.0684243 ],
					[ 5.1726164, 52.0685688 ],
					[ 5.1732381, 52.0687309 ],
					[ 5.1733563, 52.0687655 ]
				]
			},
			"properties" : {
				"_edge_id" : 152,
				"_right_edge" : 265,
				"_left_edge" : 153,
				"_from_node" : 81,
				"_to_node" : 148
			}
		},
		{
			"type" : "Feature",
			"geometry" : {
				"type" : "LineString",
				"coordinates" : [
					[ 5.1592788995, 52.0800218001 ],
					[ 5.1591333003, 52.0797802997 ],
					[ 5.1589724002, 52.0795282004 ],
					[ 5.1589399994, 52.0794880996 ],
					[ 5.1588993993, 52.0794499001 ],
					[ 5.1587796001, 52.0794035003 ],
					[ 5.1586504004, 52.0793565996 ],
					[ 5.1586069999, 52.0793280998 ],
					[ 5.1585827994, 52.0792877003 ],
					[ 5.1584231002, 52.0789970996 ],
					[ 5.1582716996, 52.0787097999 ],
					[ 5.1581685999, 52.0785229003 ],
					[ 5.1581524001, 52.0785049997 ],
					[ 5.1581340002, 52.0784922998 ],
					[ 5.1578872998, 52.0784366 ],
					[ 5.1577637997, 52.0783346 ],
					[ 5.1577373, 52.0782742999 ],
					[ 5.1577172997, 52.0782281002 ],
					[ 5.1575411999, 52.0779021002 ],
					[ 5.1574138002, 52.0777420997 ],
					[ 5.1572760997, 52.0775861001 ],
					[ 5.1571874006, 52.0774859002 ],
					[ 5.1571469007, 52.0774475996 ],
					[ 5.1570937, 52.0774168997 ],
					[ 5.1570271, 52.0773972002 ],
					[ 5.1569554007, 52.0773901997 ],
					[ 5.1568111, 52.0773902003 ],
					[ 5.1567309003, 52.0773578 ],
					[ 5.1566865997, 52.0773032998 ],
					[ 5.1565903994, 52.0771310996 ],
					[ 5.1564706007, 52.0769015004 ],
					[ 5.1563464005, 52.0766730996 ],
					[ 5.1562433002, 52.0765665001 ],
					[ 5.1561071993, 52.0764833 ],
					[ 5.1560141005, 52.0764273001 ],
					[ 5.1559528006, 52.0763525001 ],
					[ 5.1558245006, 52.0762134004 ],
					[ 5.1555618994, 52.0759422003 ],
					[ 5.1555037993, 52.0758736998 ],
					[ 5.1554366002, 52.0758083003 ],
					[ 5.1552952994, 52.0756829998 ],
					[ 5.1552490994, 52.0756627003 ],
					[ 5.1551246002, 52.0756898996 ],
					[ 5.1550199005, 52.0757177004 ],
					[ 5.1549904, 52.0757102002 ],
					[ 5.1548916001, 52.0755543004 ],
					[ 5.1547878002, 52.0754419998 ],
					[ 5.1547363995, 52.0753736001 ],
					[ 5.1546444998, 52.0753119004 ],
					[ 5.1545670995, 52.0752481996 ],
					[ 5.1544765999, 52.0751322003 ],
					[ 5.1544063996, 52.0750108004 ],
					[ 5.1542521004, 52.0748684003 ],
					[ 5.1541794997, 52.0748162997 ],
					[ 5.1540925, 52.0747304996 ],
					[ 5.1540275993, 52.0746673004 ],
					[ 5.1539549995, 52.0746086996 ],
					[ 5.1538700996, 52.0745548003 ],
					[ 5.1538244001, 52.0744990001 ],
					[ 5.1537804997, 52.0744486998 ],
					[ 5.1537012998, 52.0744080995 ],
					[ 5.1535389996, 52.0743362001 ],
					[ 5.1534691994, 52.0743170998 ],
					[ 5.1534106995, 52.0742903999 ],
					[ 5.1533372007, 52.0742787999 ],
					[ 5.1532135998, 52.0742580001 ],
					[ 5.1530800995, 52.0742354997 ],
					[ 5.1529239994, 52.0742057998 ],
					[ 5.1528175005, 52.0741843001 ],
					[ 5.1527683998, 52.0741658004 ],
					[ 5.1527109003, 52.0741297996 ],
					[ 5.1525288001, 52.0738949998 ],
					[ 5.1524372994, 52.0737762 ],
					[ 5.1523603002, 52.0736532999 ],
					[ 5.1523043, 52.0735675001 ],
					[ 5.1522344997, 52.0734846002 ],
					[ 5.1521468006, 52.0734046001 ],
					[ 5.1520493006, 52.0733273002 ],
					[ 5.1519733001, 52.0732705996 ],
					[ 5.1518940003, 52.0732167002 ],
					[ 5.1518354998, 52.0731889004 ],
					[ 5.1517724004, 52.0731674998 ],
					[ 5.1516450993, 52.0731340996 ],
					[ 5.1515696001, 52.0731105998 ],
					[ 5.1515054005, 52.0730740996 ],
					[ 5.1514403004, 52.0730092 ],
					[ 5.1513795001, 52.0729391003 ],
					[ 5.1513280997, 52.0728566996 ],
					[ 5.1512640004, 52.0727760997 ],
					[ 5.1511799993, 52.0727002003 ],
					[ 5.1510894998, 52.0726283001 ],
					[ 5.1507291999, 52.0723566998 ],
					[ 5.1506801, 52.0723030003 ],
					[ 5.1506479998, 52.0722809998 ],
					[ 5.1505480002, 52.0722363003 ],
					[ 5.1504791997, 52.0721922998 ],
					[ 5.1503160004, 52.0721853004 ],
					[ 5.1502368, 52.0721893999 ],
					[ 5.1501585007, 52.0721996004 ],
					[ 5.1500453001, 52.0722166003 ],
					[ 5.1499299994, 52.0722264 ],
					[ 5.1497935007, 52.0722316998 ],
					[ 5.1497369005, 52.0722189999 ],
					[ 5.1496902002, 52.0721905001 ],
					[ 5.1496430995, 52.0721226004 ],
					[ 5.1494056999, 52.0717080001 ],
					[ 5.1492571, 52.0714842004 ],
					[ 5.1491950002, 52.0714430996 ],
					[ 5.1492907001, 52.0713428998 ],
					[ 5.1493973003, 52.0712304002 ],
					[ 5.1496145006, 52.0710035996 ],
					[ 5.1497067996, 52.0709082004 ],
					[ 5.1497309994, 52.0708793004 ],
					[ 5.1497997, 52.0708121003 ],
					[ 5.1498278002, 52.0708138996 ],
					[ 5.1498369006, 52.0708065999 ],
					[ 5.1503260997, 52.0703826 ],
					[ 5.1503314999, 52.0703728004 ],
					[ 5.1503328993, 52.0703586003 ],
					[ 5.1503562006, 52.0703486002 ],
					[ 5.1503842006, 52.0703453003 ],
					[ 5.1503851997, 52.0703486 ],
					[ 5.1504440993, 52.0703689998 ],
					[ 5.1504678995, 52.0703743999 ],
					[ 5.150498, 52.0703740999 ],
					[ 5.1505228006, 52.0703718002 ],
					[ 5.1505545993, 52.0703688997 ],
					[ 5.1505914, 52.0703584 ],
					[ 5.1506160994, 52.0703437999 ],
					[ 5.1506433005, 52.0703293999 ],
					[ 5.1506933001, 52.0702841996 ],
					[ 5.1507639996, 52.0702174999 ],
					[ 5.1509016993, 52.0700819001 ],
					[ 5.1511742999, 52.0698957004 ],
					[ 5.1513186993, 52.0698092996 ],
					[ 5.1513987997, 52.0697612003 ],
					[ 5.1514751999, 52.0697125003 ],
					[ 5.1515422004, 52.0696743002 ],
					[ 5.1515667, 52.0696651 ]
				]
			},
			"properties" : {
				"_edge_id" : 151,
				"_right_edge" : -204,
				"_left_edge" : -254,
				"_from_node" : 133,
				"_to_node" : 56
			}
		},
		{
			"type" : "Feature",
			"geometry" : {
				"type" : "LineString",
				"coordinates" : [
					[ 5.170079, 52.0669864 ],
					[ 5.1700743, 52.0670332 ]
				]
			},
			"properties" : {
				"_edge_id" : 150,
				"_right_edge" : 187,
				"_left_edge" : -210,
				"_from_node" : 5,
				"_to_node" : 147
			}
		},
		{
			"type" : "Feature",
			"geometry" : {
				"type" : "LineString",
				"coordinates" : [
					[ 5.170079, 52.0669864 ],
					[ 5.1701229, 52.0670018 ],
					[ 5.1701512, 52.0670343 ],
					[ 5.1702323, 52.0670575 ]
				]
			},
			"properties" : {
				"_edge_id" : 149,
				"_right_edge" : 196,
				"_left_edge" : 150,
				"_from_node" : 5,
				"_to_node" : 146
			}
		},
		{
			"type" : "Feature",
			"geometry" : {
				"type" : "LineString",
				"coordinates" : [
					[ 5.1640131, 52.0684821 ],
					[ 5.1641022, 52.0685249 ],
					[ 5.1642011, 52.0685542 ],
					[ 5.1643029, 52.068597 ],
					[ 5.1643346, 52.0686189 ]
				]
			},
			"properties" : {
				"_edge_id" : 148,
				"_right_edge" : 219,
				"_left_edge" : -189,
				"_from_node" : 73,
				"_to_node" : 145
			}
		},
		{
			"type" : "Feature",
			"geometry" : {
				"type" : "LineString",
				"coordinates" : [
					[ 5.1782571, 52.0675316 ],
					[ 5.1781644, 52.0675026 ]
				]
			},
			"properties" : {
				"_edge_id" : 147,
				"_right_edge" : 33,
				"_left_edge" : -26,
				"_from_node" : 40,
				"_to_node" : 48
			}
		},
		{
			"type" : "Feature",
			"geometry" : {
				"type" : "LineString",
				"coordinates" : [
					[ 5.1696219, 52.0677889 ],
					[ 5.1697650237, 52.0677035458 ]
				]
			},
			"properties" : {
				"_edge_id" : 146,
				"_right_edge" : 51,
				"_left_edge" : 145,
				"_from_node" : 144,
				"_to_node" : 70
			}
		},
		{
			"type" : "Feature",
			"geometry" : {
				"type" : "LineString",
				"coordinates" : [
					[ 5.1696219, 52.0677889 ],
					[ 5.1696303, 52.0679164 ]
				]
			},
			"properties" : {
				"_edge_id" : 145,
				"_right_edge" : -159,
				"_left_edge" : -158,
				"_from_node" : 144,
				"_to_node" : 125
			}
		},
		{
			"type" : "Feature",
			"geometry" : {
				"type" : "LineString",
				"coordinates" : [
					[ 5.1692173, 52.06945 ],
					[ 5.168518, 52.0697593 ],
					[ 5.1679549, 52.0700068 ],
					[ 5.1677135, 52.0701104 ]
				]
			},
			"properties" : {
				"_edge_id" : 144,
				"_right_edge" : 258,
				"_left_edge" : -191,
				"_from_node" : 140,
				"_to_node" : 143
			}
		},
		{
			"type" : "Feature",
			"geometry" : {
				"type" : "LineString",
				"coordinates" : [
					[ 5.1814942, 52.0761919 ],
					[ 5.1805526, 52.0769641 ],
					[ 5.1796656, 52.0776891 ],
					[ 5.1793963, 52.0779096 ],
					[ 5.1785023, 52.0786435 ],
					[ 5.1776903, 52.0792941 ],
					[ 5.1768053, 52.0800299 ],
					[ 5.1761107, 52.0805902 ],
					[ 5.1760971, 52.0806024 ],
					[ 5.1756925, 52.080926 ]
				]
			},
			"properties" : {
				"_edge_id" : 143,
				"_right_edge" : 249,
				"_left_edge" : -202,
				"_from_node" : 126,
				"_to_node" : 96
			}
		},
		{
			"type" : "Feature",
			"geometry" : {
				"type" : "LineString",
				"coordinates" : [
					[ 5.1761137, 52.0697297 ],
					[ 5.1763558, 52.06986 ],
					[ 5.1764448, 52.0699047 ],
					[ 5.1765239, 52.0699385 ],
					[ 5.17663, 52.0700036 ]
				]
			},
			"properties" : {
				"_edge_id" : 142,
				"_right_edge" : 70,
				"_left_edge" : 141,
				"_from_node" : 137,
				"_to_node" : 90
			}
		},
		{
			"type" : "Feature",
			"geometry" : {
				"type" : "LineString",
				"coordinates" : [
					[ 5.1761137, 52.0697297 ],
					[ 5.17571, 52.0700347 ]
				]
			},
			"properties" : {
				"_edge_id" : 141,
				"_right_edge" : 100,
				"_left_edge" : -200,
				"_from_node" : 137,
				"_to_node" : 116
			}
		},
		{
			"type" : "Feature",
			"geometry" : {
				"type" : "LineString",
				"coordinates" : [
					[ 5.1744437, 52.0726091 ],
					[ 5.1742198, 52.0727917 ],
					[ 5.1740476, 52.0729322 ]
				]
			},
			"properties" : {
				"_edge_id" : 140,
				"_right_edge" : -24,
				"_left_edge" : -12,
				"_from_node" : 19,
				"_to_node" : 37
			}
		},
		{
			"type" : "Feature",
			"geometry" : {
				"type" : "LineString",
				"coordinates" : [
					[ 5.1658178, 52.0676537 ],
					[ 5.1659094, 52.0676483 ]
				]
			},
			"properties" : {
				"_edge_id" : 139,
				"_right_edge" : 240,
				"_left_edge" : -154,
				"_from_node" : 141,
				"_to_node" : 142
			}
		},
		{
			"type" : "Feature",
			"geometry" : {
				"type" : "LineString",
				"coordinates" : [
					[ 5.1561159, 52.0692164 ],
					[ 5.1561546, 52.069152 ],
					[ 5.1562074, 52.0690417 ],
					[ 5.156243, 52.0690275 ]
				]
			},
			"properties" : {
				"_edge_id" : 138,
				"_right_edge" : -206,
				"_left_edge" : -40,
				"_from_node" : 55,
				"_to_node" : 28
			}
		},
		{
			"type" : "Feature",
			"geometry" : {
				"type" : "LineString",
				"coordinates" : [
					[ 5.1696932, 52.0692349 ],
					[ 5.1692173, 52.06945 ]
				]
			},
			"properties" : {
				"_edge_id" : 137,
				"_right_edge" : 144,
				"_left_edge" : 136,
				"_from_node" : 100,
				"_to_node" : 140
			}
		},
		{
			"type" : "Feature",
			"geometry" : {
				"type" : "LineString",
				"coordinates" : [
					[ 5.1696932, 52.0692349 ],
					[ 5.1696292, 52.0681735 ]
				]
			},
			"properties" : {
				"_edge_id" : 136,
				"_right_edge" : -115,
				"_left_edge" : -79,
				"_from_node" : 100,
				"_to_node" : 80
			}
		},
		{
			"type" : "Feature",
			"geometry" : {
				"type" : "LineString",
				"coordinates" : [
					[ 5.1649599, 52.0678811 ],
					[ 5.1648653, 52.0678432 ],
					[ 5.1648232, 52.0678092 ],
					[ 5.164808, 52.0677328 ],
					[ 5.1648327, 52.0676684 ],
					[ 5.164873, 52.0676341 ],
					[ 5.1649046, 52.0676099 ],
					[ 5.1650163, 52.0675498 ],
					[ 5.1651341, 52.0675374 ],
					[ 5.1652104, 52.0675362 ],
					[ 5.1652898, 52.0675418 ],
					[ 5.1653866, 52.0675777 ],
					[ 5.1654658, 52.0676056 ],
					[ 5.1655045, 52.0676202 ],
					[ 5.1655612, 52.0676378 ]
				]
			},
			"properties" : {
				"_edge_id" : 135,
				"_right_edge" : 185,
				"_left_edge" : 134,
				"_from_node" : 138,
				"_to_node" : 139
			}
		},
		{
			"type" : "Feature",
			"geometry" : {
				"type" : "LineString",
				"coordinates" : [
					[ 5.1649599, 52.0678811 ],
					[ 5.1650099, 52.0678886 ],
					[ 5.1651037, 52.0678947 ],
					[ 5.1652683, 52.0678741 ],
					[ 5.1653159, 52.0678609 ]
				]
			},
			"properties" : {
				"_edge_id" : 134,
				"_right_edge" : 226,
				"_left_edge" : -248,
				"_from_node" : 138,
				"_to_node" : 88
			}
		},
		{
			"type" : "Feature",
			"geometry" : {
				"type" : "LineString",
				"coordinates" : [
					[ 5.1763092, 52.0695819 ],
					[ 5.1761626, 52.0696927 ],
					[ 5.1761137, 52.0697297 ]
				]
			},
			"properties" : {
				"_edge_id" : 133,
				"_right_edge" : 142,
				"_left_edge" : -73,
				"_from_node" : 92,
				"_to_node" : 137
			}
		},
		{
			"type" : "Feature",
			"geometry" : {
				"type" : "LineString",
				"coordinates" : [
					[ 5.1721253, 52.0744673 ],
					[ 5.1720291, 52.0745476 ],
					[ 5.1720066, 52.0745691 ],
					[ 5.1716289, 52.0748779 ],
					[ 5.171271, 52.0751629 ]
				]
			},
			"properties" : {
				"_edge_id" : 132,
				"_right_edge" : 170,
				"_left_edge" : 131,
				"_from_node" : 134,
				"_to_node" : 136
			}
		},
		{
			"type" : "Feature",
			"geometry" : {
				"type" : "LineString",
				"coordinates" : [
					[ 5.1721253, 52.0744673 ],
					[ 5.1721192, 52.0744187 ],
					[ 5.1719752, 52.0742315 ]
				]
			},
			"properties" : {
				"_edge_id" : 131,
				"_right_edge" : 164,
				"_left_edge" : -160,
				"_from_node" : 134,
				"_to_node" : 135
			}
		},
		{
			"type" : "Feature",
			"geometry" : {
				"type" : "LineString",
				"coordinates" : [
					[ 5.1601612995, 52.0805439003 ],
					[ 5.1602745999, 52.0804974004 ],
					[ 5.1602983858, 52.0804853393 ],
					[ 5.1603878005, 52.0804400004 ],
					[ 5.1606018996, 52.0803019998 ],
					[ 5.1606944002, 52.0802377001 ],
					[ 5.1607802007, 52.0801664001 ],
					[ 5.1608604006, 52.0800967997 ],
					[ 5.1609347995, 52.0800206997 ],
					[ 5.1610184001, 52.0799296001 ],
					[ 5.1610621993, 52.0798700997 ],
					[ 5.1610773003, 52.0798295 ],
					[ 5.1611099001, 52.0797471998 ],
					[ 5.1611744994, 52.0795125003 ],
					[ 5.1611664996, 52.0794677003 ],
					[ 5.1611696003, 52.079404 ],
					[ 5.1612077999, 52.0792000996 ],
					[ 5.1612281995, 52.0790490003 ],
					[ 5.1612285, 52.0788959004 ],
					[ 5.1612122004, 52.0787548001 ],
					[ 5.1611832004, 52.0786320003 ],
					[ 5.1611514003, 52.0785348002 ],
					[ 5.1611193, 52.0784571998 ],
					[ 5.1610669006, 52.0783476996 ],
					[ 5.1609665002, 52.0781862004 ],
					[ 5.1608701997, 52.0780544001 ],
					[ 5.1608137005, 52.0779885001 ],
					[ 5.1607273995, 52.0779056004 ],
					[ 5.1605726997, 52.0777632004 ],
					[ 5.1602772994, 52.0774971004 ],
					[ 5.1601811997, 52.0774140996 ],
					[ 5.1599774995, 52.0772365996 ],
					[ 5.1598373997, 52.0771210004 ],
					[ 5.1596705998, 52.0770041001 ],
					[ 5.1592794004, 52.0767404996 ],
					[ 5.1590899006, 52.0766000998 ],
					[ 5.1590489003, 52.0765667998 ],
					[ 5.1590092994, 52.0765334 ],
					[ 5.1587520996, 52.0762914997 ],
					[ 5.158406, 52.0758549001 ],
					[ 5.1583088993, 52.0756991997 ],
					[ 5.1582326007, 52.0755473002 ],
					[ 5.1581844, 52.0754209004 ],
					[ 5.1581172004, 52.0752329998 ],
					[ 5.1579551999, 52.0749571 ],
					[ 5.1578317001, 52.074825 ],
					[ 5.1578136993, 52.0747964999 ],
					[ 5.1573670002, 52.0740793004 ],
					[ 5.1573482998, 52.0740510999 ],
					[ 5.1571761005, 52.0736718002 ],
					[ 5.1571001996, 52.0735517995 ],
					[ 5.1570318993, 52.0734631001 ],
					[ 5.1570167, 52.0734434001 ],
					[ 5.1570026002, 52.0734143997 ],
					[ 5.1570062997, 52.0733714999 ],
					[ 5.1570034996, 52.0733408003 ],
					[ 5.1569824997, 52.0733190999 ],
					[ 5.1569568996, 52.0732968001 ],
					[ 5.1569377995, 52.0732758001 ],
					[ 5.1567761998, 52.0731534999 ],
					[ 5.1565130006, 52.0729993002 ],
					[ 5.1564017003, 52.0729267999 ],
					[ 5.1563121004, 52.0728561 ],
					[ 5.1562856996, 52.0728027996 ],
					[ 5.1561632993, 52.0726855997 ],
					[ 5.1560724995, 52.0725824999 ],
					[ 5.1559412007, 52.0723986 ],
					[ 5.1559035993, 52.0723966002 ],
					[ 5.1558071, 52.0722999 ]
				]
			},
			"properties" : {
				"_edge_id" : 130,
				"_right_edge" : -16,
				"_left_edge" : 129,
				"_from_node" : 132,
				"_to_node" : 26
			}
		},
		{
			"type" : "Feature",
			"geometry" : {
				"type" : "LineString",
				"coordinates" : [
					[ 5.1601612995, 52.0805439003 ],
					[ 5.1600710993, 52.0805864 ],
					[ 5.1599879, 52.0806190999 ],
					[ 5.1599007006, 52.0806468999 ],
					[ 5.1598596006, 52.0806581996 ],
					[ 5.1598360995, 52.0806644 ],
					[ 5.1597652993, 52.0806819996 ],
					[ 5.1596984997, 52.0806952 ],
					[ 5.1596087005, 52.0805368004 ],
					[ 5.1595139006, 52.0803793997 ],
					[ 5.1592788995, 52.0800218001 ]
				]
			},
			"properties" : {
				"_edge_id" : 129,
				"_right_edge" : -218,
				"_left_edge" : -253,
				"_from_node" : 132,
				"_to_node" : 133
			}
		},
		{
			"type" : "Feature",
			"geometry" : {
				"type" : "LineString",
				"coordinates" : [
					[ 5.1768474, 52.0706931 ],
					[ 5.1755347, 52.0717381 ],
					[ 5.1744437, 52.0726091 ]
				]
			},
			"properties" : {
				"_edge_id" : 128,
				"_right_edge" : 140,
				"_left_edge" : -183,
				"_from_node" : 123,
				"_to_node" : 19
			}
		},
		{
			"type" : "Feature",
			"geometry" : {
				"type" : "LineString",
				"coordinates" : [
					[ 5.1768474, 52.0706931 ],
					[ 5.1770689, 52.0708065 ],
					[ 5.1775098, 52.0710449 ],
					[ 5.1781214, 52.0713879 ],
					[ 5.180632, 52.0727385 ],
					[ 5.1806705, 52.0727617 ]
				]
			},
			"properties" : {
				"_edge_id" : 127,
				"_right_edge" : -120,
				"_left_edge" : 128,
				"_from_node" : 123,
				"_to_node" : 74
			}
		},
		{
			"type" : "Feature",
			"geometry" : {
				"type" : "LineString",
				"coordinates" : [
					[ 5.1700323, 52.0673086 ],
					[ 5.1700008, 52.0675296 ],
					[ 5.1699797, 52.06757 ]
				]
			},
			"properties" : {
				"_edge_id" : 126,
				"_right_edge" : 159,
				"_left_edge" : -283,
				"_from_node" : 130,
				"_to_node" : 131
			}
		},
		{
			"type" : "Feature",
			"geometry" : {
				"type" : "LineString",
				"coordinates" : [
					[ 5.1734646, 52.067962 ],
					[ 5.1741344, 52.0682468 ],
					[ 5.1748415, 52.0685696 ],
					[ 5.1755674, 52.0688901 ]
				]
			},
			"properties" : {
				"_edge_id" : 125,
				"_right_edge" : -111,
				"_left_edge" : -265,
				"_from_node" : 129,
				"_to_node" : 120
			}
		},
		{
			"type" : "Feature",
			"geometry" : {
				"type" : "LineString",
				"coordinates" : [
					[ 5.1734646, 52.067962 ],
					[ 5.1735553, 52.0679104 ],
					[ 5.1737693, 52.0678782 ],
					[ 5.1740338, 52.067846 ],
					[ 5.1741225, 52.0678293 ],
					[ 5.1741965, 52.0678252 ],
					[ 5.1742972, 52.0678271 ],
					[ 5.1744084, 52.0678401 ],
					[ 5.1747685, 52.0678987 ],
					[ 5.1751375, 52.0679591 ],
					[ 5.1752461, 52.0679804 ],
					[ 5.175346, 52.0680029 ],
					[ 5.1754586, 52.0680283 ],
					[ 5.175588, 52.0680651 ],
					[ 5.1757621, 52.0681242 ],
					[ 5.1762303, 52.068281 ]
				]
			},
			"properties" : {
				"_edge_id" : 124,
				"_right_edge" : 112,
				"_left_edge" : 125,
				"_from_node" : 129,
				"_to_node" : 119
			}
		},
		{
			"type" : "Feature",
			"geometry" : {
				"type" : "LineString",
				"coordinates" : [
					[ 5.1657519, 52.0672781 ],
					[ 5.1656924, 52.0669892 ],
					[ 5.1657087, 52.0669394 ],
					[ 5.1657734, 52.0668844 ]
				]
			},
			"properties" : {
				"_edge_id" : 123,
				"_right_edge" : -122,
				"_left_edge" : -238,
				"_from_node" : 127,
				"_to_node" : 128
			}
		},
		{
			"type" : "Feature",
			"geometry" : {
				"type" : "LineString",
				"coordinates" : [
					[ 5.1657519, 52.0672781 ],
					[ 5.1652232, 52.0673237 ],
					[ 5.165016, 52.0673229 ],
					[ 5.1648327, 52.0672972 ],
					[ 5.164558, 52.0672076 ],
					[ 5.1644137, 52.0671298 ],
					[ 5.1643041, 52.0670477 ],
					[ 5.1642009, 52.0669447 ],
					[ 5.1641203, 52.0668224 ],
					[ 5.1641289, 52.066738 ],
					[ 5.1641804, 52.0666852 ],
					[ 5.1642748, 52.0666588 ],
					[ 5.1643521, 52.0666694 ],
					[ 5.1644339, 52.0666903 ],
					[ 5.1644781, 52.0667169 ],
					[ 5.1646461, 52.0668033 ],
					[ 5.1648413, 52.0668488 ],
					[ 5.165042, 52.0668799 ],
					[ 5.1652727, 52.0668861 ],
					[ 5.165671, 52.0668873 ],
					[ 5.1657734, 52.0668844 ]
				]
			},
			"properties" : {
				"_edge_id" : 122,
				"_right_edge" : 190,
				"_left_edge" : 123,
				"_from_node" : 127,
				"_to_node" : 128
			}
		},
		{
			"type" : "Feature",
			"geometry" : {
				"type" : "LineString",
				"coordinates" : [
					[ 5.1837179, 52.0743712 ],
					[ 5.1819554, 52.0758167 ],
					[ 5.1815557, 52.0761427 ],
					[ 5.1814942, 52.0761919 ]
				]
			},
			"properties" : {
				"_edge_id" : 121,
				"_right_edge" : 143,
				"_left_edge" : 120,
				"_from_node" : 118,
				"_to_node" : 126
			}
		},
		{
			"type" : "Feature",
			"geometry" : {
				"type" : "LineString",
				"coordinates" : [
					[ 5.1837179, 52.0743712 ],
					[ 5.1836518, 52.0743432 ],
					[ 5.1834182, 52.0742438 ],
					[ 5.183269, 52.0741675 ],
					[ 5.1830845, 52.0740523 ],
					[ 5.182872, 52.0739217 ],
					[ 5.1827061, 52.0737997 ],
					[ 5.182427, 52.0735934 ],
					[ 5.182312, 52.0735508 ],
					[ 5.1819861, 52.0734736 ],
					[ 5.1818722, 52.0734173 ],
					[ 5.1807443, 52.0728007 ],
					[ 5.1806705, 52.0727617 ]
				]
			},
			"properties" : {
				"_edge_id" : 120,
				"_right_edge" : -55,
				"_left_edge" : -110,
				"_from_node" : 118,
				"_to_node" : 74
			}
		},
		{
			"type" : "Feature",
			"geometry" : {
				"type" : "LineString",
				"coordinates" : [
					[ 5.1696303, 52.0679164 ],
					[ 5.1696304, 52.0680883 ],
					[ 5.1696292, 52.0681735 ]
				]
			},
			"properties" : {
				"_edge_id" : 119,
				"_right_edge" : 61,
				"_left_edge" : -145,
				"_from_node" : 125,
				"_to_node" : 80
			}
		},
		{
			"type" : "Feature",
			"geometry" : {
				"type" : "LineString",
				"coordinates" : [
					[ 5.1697624, 52.0705471 ],
					[ 5.1696007, 52.0705778 ]
				]
			},
			"properties" : {
				"_edge_id" : 118,
				"_right_edge" : 207,
				"_left_edge" : 117,
				"_from_node" : 45,
				"_to_node" : 124
			}
		},
		{
			"type" : "Feature",
			"geometry" : {
				"type" : "LineString",
				"coordinates" : [
					[ 5.1697624, 52.0705471 ],
					[ 5.1696932, 52.0692349 ]
				]
			},
			"properties" : {
				"_edge_id" : 117,
				"_right_edge" : 137,
				"_left_edge" : -30,
				"_from_node" : 45,
				"_to_node" : 100
			}
		},
		{
			"type" : "Feature",
			"geometry" : {
				"type" : "LineString",
				"coordinates" : [
					[ 5.1775818833, 52.0699637902 ],
					[ 5.1776894, 52.069963 ],
					[ 5.1777645, 52.0699824 ],
					[ 5.1775771, 52.070104 ],
					[ 5.1769965, 52.0705688 ],
					[ 5.1768474, 52.0706931 ]
				]
			},
			"properties" : {
				"_edge_id" : 116,
				"_right_edge" : 127,
				"_left_edge" : -279,
				"_from_node" : 108,
				"_to_node" : 123
			}
		},
		{
			"type" : "Feature",
			"geometry" : {
				"type" : "LineString",
				"coordinates" : [
					[ 5.1692092, 52.0683496 ],
					[ 5.1695117, 52.068205 ],
					[ 5.1696292, 52.0681735 ]
				]
			},
			"properties" : {
				"_edge_id" : 115,
				"_right_edge" : -229,
				"_left_edge" : -193,
				"_from_node" : 121,
				"_to_node" : 80
			}
		},
		{
			"type" : "Feature",
			"geometry" : {
				"type" : "LineString",
				"coordinates" : [
					[ 5.1692092, 52.0683496 ],
					[ 5.1691259, 52.0683366 ],
					[ 5.1689355, 52.0682902 ],
					[ 5.1686671, 52.068271 ],
					[ 5.1686067, 52.0682821 ],
					[ 5.1685081, 52.0683242 ],
					[ 5.1683642, 52.0683626 ],
					[ 5.1682763, 52.0683826 ],
					[ 5.1681577, 52.0683827 ]
				]
			},
			"properties" : {
				"_edge_id" : 114,
				"_right_edge" : 272,
				"_left_edge" : 115,
				"_from_node" : 121,
				"_to_node" : 122
			}
		},
		{
			"type" : "Feature",
			"geometry" : {
				"type" : "LineString",
				"coordinates" : [
					[ 5.1781688, 52.0675885 ],
					[ 5.1781701, 52.0677375 ],
					[ 5.1781756, 52.0678522 ],
					[ 5.1781788, 52.0680166 ],
					[ 5.1781834, 52.0680579 ]
				]
			},
			"properties" : {
				"_edge_id" : 113,
				"_right_edge" : 7,
				"_left_edge" : -274,
				"_from_node" : 49,
				"_to_node" : 11
			}
		},
		{
			"type" : "Feature",
			"geometry" : {
				"type" : "LineString",
				"coordinates" : [
					[ 5.1762303, 52.068281 ],
					[ 5.1762725, 52.0682918 ],
					[ 5.1766609, 52.0684591 ]
				]
			},
			"properties" : {
				"_edge_id" : 112,
				"_right_edge" : 6,
				"_left_edge" : 111,
				"_from_node" : 119,
				"_to_node" : 8
			}
		},
		{
			"type" : "Feature",
			"geometry" : {
				"type" : "LineString",
				"coordinates" : [
					[ 5.1762303, 52.068281 ],
					[ 5.1761793, 52.0683285 ],
					[ 5.1757515, 52.0687192 ],
					[ 5.1755674, 52.0688901 ]
				]
			},
			"properties" : {
				"_edge_id" : 111,
				"_right_edge" : 261,
				"_left_edge" : -124,
				"_from_node" : 119,
				"_to_node" : 120
			}
		},
		{
			"type" : "Feature",
			"geometry" : {
				"type" : "LineString",
				"coordinates" : [
					[ 5.1779031, 52.0684497 ],
					[ 5.1779074, 52.0684727 ],
					[ 5.1779067, 52.0684884 ],
					[ 5.1779137, 52.0684969 ],
					[ 5.1779185, 52.0684983 ],
					[ 5.1779318, 52.0684923 ],
					[ 5.1779432, 52.068492 ],
					[ 5.1779559, 52.068495 ],
					[ 5.1780458, 52.0685882 ],
					[ 5.1786004, 52.0690215 ],
					[ 5.1787317, 52.0691628 ],
					[ 5.1789915, 52.0695039 ],
					[ 5.1792765, 52.0701326 ],
					[ 5.1794535, 52.0703769 ],
					[ 5.1796266, 52.0705519 ],
					[ 5.1797516, 52.070661 ],
					[ 5.1799103, 52.0707892 ],
					[ 5.1801148, 52.0709181 ],
					[ 5.1802649, 52.0710017 ],
					[ 5.1807363, 52.0712627 ],
					[ 5.1808412, 52.071318 ],
					[ 5.1809806, 52.0713872 ],
					[ 5.1814638, 52.0715788 ],
					[ 5.1818843, 52.0717643 ],
					[ 5.1821636, 52.071924 ],
					[ 5.1824196, 52.0720912 ],
					[ 5.1830589, 52.0724402 ],
					[ 5.1833854, 52.0726711 ],
					[ 5.1837373, 52.072989 ],
					[ 5.1837818, 52.0730197 ],
					[ 5.1840114, 52.0732072 ],
					[ 5.1843944, 52.0734788 ],
					[ 5.1844751, 52.0735426 ],
					[ 5.1845138, 52.0735828 ],
					[ 5.1846369, 52.0736718 ],
					[ 5.1846016, 52.0736911 ],
					[ 5.1843308, 52.073815 ],
					[ 5.1841326, 52.0739201 ],
					[ 5.1840581, 52.0740027 ],
					[ 5.1839186, 52.0741966 ],
					[ 5.1837179, 52.0743712 ]
				]
			},
			"properties" : {
				"_edge_id" : 110,
				"_right_edge" : 121,
				"_left_edge" : -34,
				"_from_node" : 50,
				"_to_node" : 118
			}
		},
		{
			"type" : "Feature",
			"geometry" : {
				"type" : "LineString",
				"coordinates" : [
					[ 5.1779031, 52.0684497 ],
					[ 5.1779381, 52.068442 ],
					[ 5.1779448, 52.06844 ],
					[ 5.1779582, 52.0684323 ],
					[ 5.178114, 52.0683174 ],
					[ 5.1782659, 52.0681847 ],
					[ 5.1782792, 52.068167 ],
					[ 5.1782847, 52.0681261 ],
					[ 5.1782571, 52.0675316 ]
				]
			},
			"properties" : {
				"_edge_id" : 109,
				"_right_edge" : 147,
				"_left_edge" : 110,
				"_from_node" : 50,
				"_to_node" : 40
			}
		},
		{
			"type" : "Feature",
			"geometry" : {
				"type" : "LineString",
				"coordinates" : [
					[ 5.1701623, 52.0754649 ],
					[ 5.1700764, 52.0755196 ],
					[ 5.1699925, 52.0755564 ],
					[ 5.1698699, 52.075557 ],
					[ 5.1698163, 52.0756221 ],
					[ 5.1697341, 52.0756749 ],
					[ 5.1695851, 52.0756833 ],
					[ 5.1695504, 52.0757096 ],
					[ 5.1695193, 52.0757472 ]
				]
			},
			"properties" : {
				"_edge_id" : 108,
				"_right_edge" : -45,
				"_left_edge" : -94,
				"_from_node" : 110,
				"_to_node" : 64
			}
		},
		{
			"type" : "Feature",
			"geometry" : {
				"type" : "LineString",
				"coordinates" : [
					[ 5.1718719, 52.0693176 ],
					[ 5.1717496, 52.0693342 ],
					[ 5.1717158, 52.0693916 ],
					[ 5.1716283, 52.0694612 ],
					[ 5.1714856, 52.0695769 ],
					[ 5.1714111, 52.0697088 ],
					[ 5.1713706, 52.0697409 ],
					[ 5.1712425, 52.0697461 ],
					[ 5.1711531, 52.0697603 ],
					[ 5.1710428, 52.0697961 ],
					[ 5.1710096, 52.0698781 ],
					[ 5.1710181, 52.070202 ],
					[ 5.1710225, 52.0703012 ]
				]
			},
			"properties" : {
				"_edge_id" : 107,
				"_right_edge" : -106,
				"_left_edge" : -80,
				"_from_node" : 101,
				"_to_node" : 44
			}
		},
		{
			"type" : "Feature",
			"geometry" : {
				"type" : "LineString",
				"coordinates" : [
					[ 5.1718719, 52.0693176 ],
					[ 5.1719163, 52.0696055 ],
					[ 5.171971, 52.070057 ],
					[ 5.1719684, 52.070086 ],
					[ 5.1719336, 52.0701237 ],
					[ 5.1718393, 52.0701494 ],
					[ 5.1714182, 52.0702307 ],
					[ 5.1710225, 52.0703012 ]
				]
			},
			"properties" : {
				"_edge_id" : 106,
				"_right_edge" : 30,
				"_left_edge" : 107,
				"_from_node" : 101,
				"_to_node" : 44
			}
		},
		{
			"type" : "Feature",
			"geometry" : {
				"type" : "LineString",
				"coordinates" : [
					[ 5.1692877, 52.0767475 ],
					[ 5.16879, 52.0771411 ],
					[ 5.1685794, 52.0773024 ]
				]
			},
			"properties" : {
				"_edge_id" : 105,
				"_right_edge" : 184,
				"_left_edge" : -216,
				"_from_node" : 65,
				"_to_node" : 117
			}
		},
		{
			"type" : "Feature",
			"geometry" : {
				"type" : "LineString",
				"coordinates" : [
					[ 5.1780383664, 52.0648689165 ],
					[ 5.1780716487, 52.0654507047 ]
				]
			},
			"properties" : {
				"_edge_id" : 104,
				"_right_edge" : -27,
				"_left_edge" : -10,
				"_from_node" : 16,
				"_to_node" : 41
			}
		},
		{
			"type" : "Feature",
			"geometry" : {
				"type" : "LineString",
				"coordinates" : [
					[ 5.1780383664, 52.0648689165 ],
					[ 5.1781361132, 52.0649108895 ],
					[ 5.1781786515, 52.0654710447 ]
				]
			},
			"properties" : {
				"_edge_id" : 103,
				"_right_edge" : 26,
				"_left_edge" : 104,
				"_from_node" : 16,
				"_to_node" : 39
			}
		},
		{
			"type" : "Feature",
			"geometry" : {
				"type" : "LineString",
				"coordinates" : [
					[ 5.1703789, 52.0754532 ],
					[ 5.1701623, 52.0754649 ]
				]
			},
			"properties" : {
				"_edge_id" : 102,
				"_right_edge" : 108,
				"_left_edge" : 101,
				"_from_node" : 105,
				"_to_node" : 110
			}
		},
		{
			"type" : "Feature",
			"geometry" : {
				"type" : "LineString",
				"coordinates" : [
					[ 5.1703789, 52.0754532 ],
					[ 5.1702462, 52.0753558 ]
				]
			},
			"properties" : {
				"_edge_id" : 101,
				"_right_edge" : 94,
				"_left_edge" : -169,
				"_from_node" : 105,
				"_to_node" : 109
			}
		},
		{
			"type" : "Feature",
			"geometry" : {
				"type" : "LineString",
				"coordinates" : [
					[ 5.17571, 52.0700347 ],
					[ 5.1756724, 52.0700631 ]
				]
			},
			"properties" : {
				"_edge_id" : 100,
				"_right_edge" : 179,
				"_left_edge" : -199,
				"_from_node" : 116,
				"_to_node" : 7
			}
		},
		{
			"type" : "Feature",
			"geometry" : {
				"type" : "LineString",
				"coordinates" : [
					[ 5.1767656, 52.0692369 ],
					[ 5.1765751, 52.0693811 ]
				]
			},
			"properties" : {
				"_edge_id" : 99,
				"_right_edge" : 72,
				"_left_edge" : -212,
				"_from_node" : 34,
				"_to_node" : 93
			}
		},
		{
			"type" : "Feature",
			"geometry" : {
				"type" : "LineString",
				"coordinates" : [
					[ 5.1767656, 52.0692369 ],
					[ 5.1768622, 52.0692838 ],
					[ 5.177054, 52.0693543 ],
					[ 5.1772372, 52.0693819 ],
					[ 5.1773352, 52.0694069 ],
					[ 5.1774588, 52.0694734 ]
				]
			},
			"properties" : {
				"_edge_id" : 98,
				"_right_edge" : 233,
				"_left_edge" : 99,
				"_from_node" : 34,
				"_to_node" : 115
			}
		},
		{
			"type" : "Feature",
			"geometry" : {
				"type" : "LineString",
				"coordinates" : [
					[ 5.176281, 52.0703919 ],
					[ 5.1766781, 52.0706037 ]
				]
			},
			"properties" : {
				"_edge_id" : 97,
				"_right_edge" : 182,
				"_left_edge" : -178,
				"_from_node" : 113,
				"_to_node" : 114
			}
		},
		{
			"type" : "Feature",
			"geometry" : {
				"type" : "LineString",
				"coordinates" : [
					[ 5.1651823, 52.0773595 ],
					[ 5.1636344, 52.0779257 ],
					[ 5.163088, 52.0781381 ],
					[ 5.1626537, 52.0783748 ],
					[ 5.1623554, 52.0785727 ],
					[ 5.162079, 52.0787801 ],
					[ 5.1620023, 52.0788524 ],
					[ 5.1619479, 52.0789247 ],
					[ 5.1618936, 52.0790028 ],
					[ 5.1618475, 52.0790859 ],
					[ 5.1617216, 52.0793884 ],
					[ 5.1616593, 52.0795426 ],
					[ 5.1616282, 52.0796174 ],
					[ 5.1615857, 52.0796845 ],
					[ 5.1615173, 52.0797829 ],
					[ 5.1614639, 52.0798503 ],
					[ 5.1613225, 52.0799731 ]
				]
			},
			"properties" : {
				"_edge_id" : 96,
				"_right_edge" : 244,
				"_left_edge" : -47,
				"_from_node" : 67,
				"_to_node" : 112
			}
		},
		{
			"type" : "Feature",
			"geometry" : {
				"type" : "LineString",
				"coordinates" : [
					[ 5.1651849, 52.0688019 ],
					[ 5.1654248, 52.0687723 ],
					[ 5.1655124, 52.0687767 ],
					[ 5.1656039, 52.0687848 ],
					[ 5.1657118, 52.0688055 ]
				]
			},
			"properties" : {
				"_edge_id" : 95,
				"_right_edge" : -59,
				"_left_edge" : -172,
				"_from_node" : 111,
				"_to_node" : 78
			}
		},
		{
			"type" : "Feature",
			"geometry" : {
				"type" : "LineString",
				"coordinates" : [
					[ 5.1702462, 52.0753558 ],
					[ 5.1701623, 52.0754649 ]
				]
			},
			"properties" : {
				"_edge_id" : 94,
				"_right_edge" : -102,
				"_left_edge" : -268,
				"_from_node" : 109,
				"_to_node" : 110
			}
		},
		{
			"type" : "Feature",
			"geometry" : {
				"type" : "LineString",
				"coordinates" : [
					[ 5.1775739, 52.069887 ],
					[ 5.1775804083, 52.0699637876 ],
					[ 5.1775818833, 52.0699637902 ]
				]
			},
			"properties" : {
				"_edge_id" : 93,
				"_right_edge" : 116,
				"_left_edge" : -72,
				"_from_node" : 95,
				"_to_node" : 108
			}
		},
		{
			"type" : "Feature",
			"geometry" : {
				"type" : "LineString",
				"coordinates" : [
					[ 5.1761286, 52.0691691 ],
					[ 5.1759151, 52.0691792 ],
					[ 5.1756179, 52.0692262 ]
				]
			},
			"properties" : {
				"_edge_id" : 92,
				"_right_edge" : 223,
				"_left_edge" : -225,
				"_from_node" : 106,
				"_to_node" : 107
			}
		},
		{
			"type" : "Feature",
			"geometry" : {
				"type" : "LineString",
				"coordinates" : [
					[ 5.1761286, 52.0691691 ],
					[ 5.1765751, 52.0693811 ]
				]
			},
			"properties" : {
				"_edge_id" : 91,
				"_right_edge" : -99,
				"_left_edge" : 92,
				"_from_node" : 106,
				"_to_node" : 93
			}
		},
		{
			"type" : "Feature",
			"geometry" : {
				"type" : "LineString",
				"coordinates" : [
					[ 5.1664423, 52.0683698 ],
					[ 5.1664519, 52.0683416 ],
					[ 5.1664603, 52.0683083 ],
					[ 5.1665092, 52.0682648 ],
					[ 5.1665776, 52.0682203 ],
					[ 5.1666816, 52.0681328 ],
					[ 5.166783, 52.0680109 ],
					[ 5.1668685, 52.067963 ],
					[ 5.1669808, 52.0679605 ],
					[ 5.1672551, 52.0679853 ]
				]
			},
			"properties" : {
				"_edge_id" : 90,
				"_right_edge" : -87,
				"_left_edge" : -250,
				"_from_node" : 75,
				"_to_node" : 82
			}
		},
		{
			"type" : "Feature",
			"geometry" : {
				"type" : "LineString",
				"coordinates" : [
					[ 5.1705818, 52.0756993 ],
					[ 5.170119, 52.0760718 ]
				]
			},
			"properties" : {
				"_edge_id" : 89,
				"_right_edge" : -75,
				"_left_edge" : 88,
				"_from_node" : 31,
				"_to_node" : 63
			}
		},
		{
			"type" : "Feature",
			"geometry" : {
				"type" : "LineString",
				"coordinates" : [
					[ 5.1705818, 52.0756993 ],
					[ 5.1703789, 52.0754532 ]
				]
			},
			"properties" : {
				"_edge_id" : 88,
				"_right_edge" : 102,
				"_left_edge" : -170,
				"_from_node" : 31,
				"_to_node" : 105
			}
		},
		{
			"type" : "Feature",
			"geometry" : {
				"type" : "LineString",
				"coordinates" : [
					[ 5.1673027, 52.0674203 ],
					[ 5.1672922, 52.0676591 ],
					[ 5.1672687, 52.0679 ],
					[ 5.1672795, 52.0679643 ],
					[ 5.1672551, 52.0679853 ]
				]
			},
			"properties" : {
				"_edge_id" : 87,
				"_right_edge" : 62,
				"_left_edge" : -237,
				"_from_node" : 104,
				"_to_node" : 82
			}
		},
		{
			"type" : "Feature",
			"geometry" : {
				"type" : "LineString",
				"coordinates" : [
					[ 5.1572371, 52.0710521 ],
					[ 5.1576519, 52.0710852 ],
					[ 5.1577589, 52.0710789 ]
				]
			},
			"properties" : {
				"_edge_id" : 86,
				"_right_edge" : 78,
				"_left_edge" : -64,
				"_from_node" : 85,
				"_to_node" : 98
			}
		},
		{
			"type" : "Feature",
			"geometry" : {
				"type" : "LineString",
				"coordinates" : [
					[ 5.1572371, 52.0710521 ],
					[ 5.1573157, 52.0709136 ],
					[ 5.1573336, 52.0707919 ],
					[ 5.1573706, 52.0707188 ],
					[ 5.1574469, 52.0706676 ],
					[ 5.1575818, 52.0706254 ],
					[ 5.1580118, 52.0705909 ]
				]
			},
			"properties" : {
				"_edge_id" : 85,
				"_right_edge" : 68,
				"_left_edge" : 86,
				"_from_node" : 85,
				"_to_node" : 89
			}
		},
		{
			"type" : "Feature",
			"geometry" : {
				"type" : "LineString",
				"coordinates" : [
					[ 5.1676727, 52.0698383 ],
					[ 5.1675775, 52.0691185 ]
				]
			},
			"properties" : {
				"_edge_id" : 84,
				"_right_edge" : -49,
				"_left_edge" : -260,
				"_from_node" : 22,
				"_to_node" : 69
			}
		},
		{
			"type" : "Feature",
			"geometry" : {
				"type" : "LineString",
				"coordinates" : [
					[ 5.177299, 52.0689906 ],
					[ 5.1772823, 52.0690226 ],
					[ 5.1772602, 52.0690511 ]
				]
			},
			"properties" : {
				"_edge_id" : 83,
				"_right_edge" : -255,
				"_left_edge" : -28,
				"_from_node" : 43,
				"_to_node" : 103
			}
		},
		{
			"type" : "Feature",
			"geometry" : {
				"type" : "LineString",
				"coordinates" : [
					[ 5.177299, 52.0689906 ],
					[ 5.1773272, 52.0690259 ],
					[ 5.1773542, 52.0690541 ]
				]
			},
			"properties" : {
				"_edge_id" : 82,
				"_right_edge" : 256,
				"_left_edge" : 83,
				"_from_node" : 43,
				"_to_node" : 102
			}
		},
		{
			"type" : "Feature",
			"geometry" : {
				"type" : "LineString",
				"coordinates" : [
					[ 5.1780716487, 52.0654507047 ],
					[ 5.1780864025, 52.0657831585 ],
					[ 5.1780972, 52.0659856 ],
					[ 5.1781458, 52.0669185 ],
					[ 5.1781644, 52.0675026 ]
				]
			},
			"properties" : {
				"_edge_id" : 81,
				"_right_edge" : -147,
				"_left_edge" : -104,
				"_from_node" : 41,
				"_to_node" : 48
			}
		},
		{
			"type" : "Feature",
			"geometry" : {
				"type" : "LineString",
				"coordinates" : [
					[ 5.1717817, 52.0684405 ],
					[ 5.1718719, 52.0693176 ]
				]
			},
			"properties" : {
				"_edge_id" : 80,
				"_right_edge" : 106,
				"_left_edge" : 79,
				"_from_node" : 99,
				"_to_node" : 101
			}
		},
		{
			"type" : "Feature",
			"geometry" : {
				"type" : "LineString",
				"coordinates" : [
					[ 5.1717817, 52.0684405 ],
					[ 5.1715674, 52.0684952 ],
					[ 5.171437, 52.0685215 ],
					[ 5.1713737, 52.0685544 ],
					[ 5.1710348, 52.0686414 ],
					[ 5.1703467, 52.0689433 ],
					[ 5.1697361, 52.0692285 ],
					[ 5.1696932, 52.0692349 ]
				]
			},
			"properties" : {
				"_edge_id" : 79,
				"_right_edge" : -117,
				"_left_edge" : -153,
				"_from_node" : 99,
				"_to_node" : 100
			}
		},
		{
			"type" : "Feature",
			"geometry" : {
				"type" : "LineString",
				"coordinates" : [
					[ 5.1577589, 52.0710789 ],
					[ 5.1578434, 52.0710212 ],
					[ 5.1579118, 52.0709637 ],
					[ 5.1579651, 52.0708892 ],
					[ 5.1580067, 52.070692 ],
					[ 5.1580118, 52.0705909 ]
				]
			},
			"properties" : {
				"_edge_id" : 78,
				"_right_edge" : -85,
				"_left_edge" : 77,
				"_from_node" : 98,
				"_to_node" : 89
			}
		},
		{
			"type" : "Feature",
			"geometry" : {
				"type" : "LineString",
				"coordinates" : [
					[ 5.1577589, 52.0710789 ],
					[ 5.1580628, 52.0710911 ],
					[ 5.1582535, 52.0711023 ],
					[ 5.1583364, 52.0711159 ],
					[ 5.1584049, 52.0711569 ],
					[ 5.1584455, 52.0712132 ]
				]
			},
			"properties" : {
				"_edge_id" : 77,
				"_right_edge" : 175,
				"_left_edge" : -86,
				"_from_node" : 98,
				"_to_node" : 86
			}
		},
		{
			"type" : "Feature",
			"geometry" : {
				"type" : "LineString",
				"coordinates" : [
					[ 5.1708478, 52.0782477 ],
					[ 5.1712602, 52.078417 ],
					[ 5.171309, 52.0784663 ],
					[ 5.1713813, 52.0785972 ]
				]
			},
			"properties" : {
				"_edge_id" : 76,
				"_right_edge" : 19,
				"_left_edge" : -184,
				"_from_node" : 97,
				"_to_node" : 30
			}
		},
		{
			"type" : "Feature",
			"geometry" : {
				"type" : "LineString",
				"coordinates" : [
					[ 5.1708478, 52.0782477 ],
					[ 5.17089, 52.0781343 ],
					[ 5.1709099, 52.0780208 ],
					[ 5.1709204, 52.0779194 ],
					[ 5.1709224, 52.0777234 ],
					[ 5.1709157, 52.0775481 ],
					[ 5.1708454, 52.0774083 ],
					[ 5.1707288, 52.0772373 ],
					[ 5.170679, 52.0771791 ],
					[ 5.1704915, 52.0769605 ],
					[ 5.1704044, 52.0768725 ],
					[ 5.1703298, 52.0768091 ],
					[ 5.1702144, 52.0766803 ],
					[ 5.1701696, 52.0766156 ],
					[ 5.1701449, 52.0765678 ],
					[ 5.1701055, 52.0764231 ],
					[ 5.1701061, 52.076309 ],
					[ 5.1701253, 52.0762051 ],
					[ 5.1701334, 52.0760873 ],
					[ 5.170119, 52.0760718 ]
				]
			},
			"properties" : {
				"_edge_id" : 75,
				"_right_edge" : 46,
				"_left_edge" : 76,
				"_from_node" : 97,
				"_to_node" : 63
			}
		},
		{
			"type" : "Feature",
			"geometry" : {
				"type" : "LineString",
				"coordinates" : [
					[ 5.1744704, 52.0799612 ],
					[ 5.1745854, 52.0800706 ],
					[ 5.1747061, 52.0801698 ],
					[ 5.1747495, 52.0801991 ],
					[ 5.1747969, 52.0802145 ],
					[ 5.1748446, 52.0802186 ],
					[ 5.1749648, 52.0801919 ],
					[ 5.1749985, 52.0801891 ],
					[ 5.1750293, 52.0802113 ],
					[ 5.1750512, 52.0802359 ],
					[ 5.1754514, 52.080667 ],
					[ 5.1756409, 52.0808684 ],
					[ 5.1756925, 52.080926 ]
				]
			},
			"properties" : {
				"_edge_id" : 74,
				"_right_edge" : -143,
				"_left_edge" : -1,
				"_from_node" : 2,
				"_to_node" : 96
			}
		},
		{
			"type" : "Feature",
			"geometry" : {
				"type" : "LineString",
				"coordinates" : [
					[ 5.1765751, 52.0693811 ],
					[ 5.1765408, 52.069407 ],
					[ 5.1763092, 52.0695819 ]
				]
			},
			"properties" : {
				"_edge_id" : 73,
				"_right_edge" : -70,
				"_left_edge" : 71,
				"_from_node" : 93,
				"_to_node" : 92
			}
		},
		{
			"type" : "Feature",
			"geometry" : {
				"type" : "LineString",
				"coordinates" : [
					[ 5.1765751, 52.0693811 ],
					[ 5.1775739, 52.069887 ]
				]
			},
			"properties" : {
				"_edge_id" : 72,
				"_right_edge" : -234,
				"_left_edge" : 73,
				"_from_node" : 93,
				"_to_node" : 95
			}
		},
		{
			"type" : "Feature",
			"geometry" : {
				"type" : "LineString",
				"coordinates" : [
					[ 5.1765751, 52.0693811 ],
					[ 5.1756378, 52.0695042 ]
				]
			},
			"properties" : {
				"_edge_id" : 71,
				"_right_edge" : 200,
				"_left_edge" : -91,
				"_from_node" : 93,
				"_to_node" : 94
			}
		},
		{
			"type" : "Feature",
			"geometry" : {
				"type" : "LineString",
				"coordinates" : [
					[ 5.17663, 52.0700036 ],
					[ 5.1766201, 52.0698631 ],
					[ 5.1765803, 52.0696986 ],
					[ 5.1765577, 52.0696824 ],
					[ 5.1764541, 52.0696605 ],
					[ 5.1763092, 52.0695819 ]
				]
			},
			"properties" : {
				"_edge_id" : 70,
				"_right_edge" : 133,
				"_left_edge" : 69,
				"_from_node" : 90,
				"_to_node" : 92
			}
		},
		{
			"type" : "Feature",
			"geometry" : {
				"type" : "LineString",
				"coordinates" : [
					[ 5.17663, 52.0700036 ],
					[ 5.1769648, 52.0699901 ],
					[ 5.1770456, 52.0699723 ],
					[ 5.1771269, 52.0699657 ]
				]
			},
			"properties" : {
				"_edge_id" : 69,
				"_right_edge" : 279,
				"_left_edge" : -214,
				"_from_node" : 90,
				"_to_node" : 91
			}
		},
		{
			"type" : "Feature",
			"geometry" : {
				"type" : "LineString",
				"coordinates" : [
					[ 5.1580118, 52.0705909 ],
					[ 5.1580791, 52.0705684 ],
					[ 5.1581884, 52.0705049 ],
					[ 5.1583828, 52.070434 ]
				]
			},
			"properties" : {
				"_edge_id" : 68,
				"_right_edge" : -277,
				"_left_edge" : -78,
				"_from_node" : 89,
				"_to_node" : 61
			}
		},
		{
			"type" : "Feature",
			"geometry" : {
				"type" : "LineString",
				"coordinates" : [
					[ 5.1650739065, 52.0681221591 ],
					[ 5.1651669, 52.0680546 ],
					[ 5.165224, 52.0680153 ],
					[ 5.1652637, 52.0679715 ],
					[ 5.1652759, 52.0679486 ],
					[ 5.1653159, 52.0678609 ]
				]
			},
			"properties" : {
				"_edge_id" : 67,
				"_right_edge" : -134,
				"_left_edge" : -228,
				"_from_node" : 87,
				"_to_node" : 88
			}
		},
		{
			"type" : "Feature",
			"geometry" : {
				"type" : "LineString",
				"coordinates" : [
					[ 5.1566067, 52.0713391 ],
					[ 5.1570413, 52.0713813 ],
					[ 5.1572889, 52.071388 ],
					[ 5.1576847, 52.0713575 ],
					[ 5.1579615, 52.0713315 ],
					[ 5.1581951, 52.0712781 ],
					[ 5.158351, 52.0712501 ],
					[ 5.1584268, 52.0712329 ],
					[ 5.1584455, 52.0712132 ]
				]
			},
			"properties" : {
				"_edge_id" : 66,
				"_right_edge" : -77,
				"_left_edge" : 65,
				"_from_node" : 84,
				"_to_node" : 86
			}
		},
		{
			"type" : "Feature",
			"geometry" : {
				"type" : "LineString",
				"coordinates" : [
					[ 5.1566067, 52.0713391 ],
					[ 5.1562746, 52.0713905 ],
					[ 5.1559227, 52.0714067 ]
				]
			},
			"properties" : {
				"_edge_id" : 65,
				"_right_edge" : 32,
				"_left_edge" : 64,
				"_from_node" : 84,
				"_to_node" : 47
			}
		},
		{
			"type" : "Feature",
			"geometry" : {
				"type" : "LineString",
				"coordinates" : [
					[ 5.1566067, 52.0713391 ],
					[ 5.1570869, 52.0710818 ],
					[ 5.1572371, 52.0710521 ]
				]
			},
			"properties" : {
				"_edge_id" : 64,
				"_right_edge" : 85,
				"_left_edge" : 66,
				"_from_node" : 84,
				"_to_node" : 85
			}
		},
		{
			"type" : "Feature",
			"geometry" : {
				"type" : "LineString",
				"coordinates" : [
					[ 5.1672551, 52.0679853 ],
					[ 5.1672313, 52.0680581 ],
					[ 5.1671854, 52.0681182 ],
					[ 5.1670962, 52.0681501 ],
					[ 5.167013, 52.0681762 ],
					[ 5.1669474, 52.0682058 ],
					[ 5.1669119, 52.0682308 ],
					[ 5.1668941, 52.0682974 ],
					[ 5.1669169, 52.0683355 ],
					[ 5.166916, 52.0683801 ],
					[ 5.1668934, 52.0684419 ],
					[ 5.1668914, 52.0685129 ],
					[ 5.1668704, 52.0685631 ],
					[ 5.1668017, 52.0686008 ],
					[ 5.1667414, 52.0686463 ]
				]
			},
			"properties" : {
				"_edge_id" : 63,
				"_right_edge" : 15,
				"_left_edge" : -90,
				"_from_node" : 82,
				"_to_node" : 23
			}
		},
		{
			"type" : "Feature",
			"geometry" : {
				"type" : "LineString",
				"coordinates" : [
					[ 5.1672551, 52.0679853 ],
					[ 5.1674156, 52.0680032 ]
				]
			},
			"properties" : {
				"_edge_id" : 62,
				"_right_edge" : 262,
				"_left_edge" : 63,
				"_from_node" : 82,
				"_to_node" : 83
			}
		},
		{
			"type" : "Feature",
			"geometry" : {
				"type" : "LineString",
				"coordinates" : [
					[ 5.1696292, 52.0681735 ],
					[ 5.1709225, 52.0682673 ],
					[ 5.1717951, 52.0683425 ]
				]
			},
			"properties" : {
				"_edge_id" : 61,
				"_right_edge" : 152,
				"_left_edge" : -136,
				"_from_node" : 80,
				"_to_node" : 81
			}
		},
		{
			"type" : "Feature",
			"geometry" : {
				"type" : "LineString",
				"coordinates" : [
					[ 5.1648242, 52.0687513 ],
					[ 5.164988, 52.068813 ]
				]
			},
			"properties" : {
				"_edge_id" : 60,
				"_right_edge" : 171,
				"_left_edge" : -219,
				"_from_node" : 77,
				"_to_node" : 79
			}
		},
		{
			"type" : "Feature",
			"geometry" : {
				"type" : "LineString",
				"coordinates" : [
					[ 5.1648242, 52.0687513 ],
					[ 5.1649152, 52.0687046 ],
					[ 5.1651421, 52.0685714 ],
					[ 5.1652949, 52.0685051 ],
					[ 5.1653945, 52.068481 ],
					[ 5.1654571, 52.0684764 ],
					[ 5.16552, 52.0684808 ],
					[ 5.1655557, 52.0684942 ],
					[ 5.1655794, 52.0685146 ],
					[ 5.1656171, 52.0685666 ],
					[ 5.1656234, 52.0686222 ],
					[ 5.1656231, 52.0686825 ],
					[ 5.1656451, 52.0687278 ],
					[ 5.1657118, 52.0688055 ]
				]
			},
			"properties" : {
				"_edge_id" : 59,
				"_right_edge" : 282,
				"_left_edge" : 60,
				"_from_node" : 77,
				"_to_node" : 78
			}
		},
		{
			"type" : "Feature",
			"geometry" : {
				"type" : "LineString",
				"coordinates" : [
					[ 5.1662087, 52.0683001 ],
					[ 5.1661859, 52.0683511 ],
					[ 5.1661373, 52.0683947 ],
					[ 5.1660221, 52.06843 ],
					[ 5.1659746, 52.0684172 ],
					[ 5.1659264, 52.0683792 ],
					[ 5.1658657, 52.0683346 ],
					[ 5.1657942, 52.0682848 ]
				]
			},
			"properties" : {
				"_edge_id" : 58,
				"_right_edge" : 155,
				"_left_edge" : -43,
				"_from_node" : 60,
				"_to_node" : 76
			}
		},
		{
			"type" : "Feature",
			"geometry" : {
				"type" : "LineString",
				"coordinates" : [
					[ 5.1662087, 52.0683001 ],
					[ 5.1662309, 52.0683062 ],
					[ 5.1663931, 52.0683556 ],
					[ 5.1664423, 52.0683698 ]
				]
			},
			"properties" : {
				"_edge_id" : 57,
				"_right_edge" : 90,
				"_left_edge" : 58,
				"_from_node" : 60,
				"_to_node" : 75
			}
		},
		{
			"type" : "Feature",
			"geometry" : {
				"type" : "LineString",
				"coordinates" : [
					[ 5.1806093, 52.0728979 ],
					[ 5.1806074, 52.0729362 ],
					[ 5.1806072, 52.0729733 ],
					[ 5.1805866, 52.0731396 ],
					[ 5.1805672, 52.0732436 ]
				]
			},
			"properties" : {
				"_edge_id" : 56,
				"_right_edge" : 202,
				"_left_edge" : -25,
				"_from_node" : 38,
				"_to_node" : 36
			}
		},
		{
			"type" : "Feature",
			"geometry" : {
				"type" : "LineString",
				"coordinates" : [
					[ 5.1806093, 52.0728979 ],
					[ 5.1806226, 52.072862 ],
					[ 5.1806371, 52.072839 ],
					[ 5.1806554, 52.072803 ],
					[ 5.1806705, 52.0727617 ]
				]
			},
			"properties" : {
				"_edge_id" : 55,
				"_right_edge" : -127,
				"_left_edge" : 56,
				"_from_node" : 38,
				"_to_node" : 74
			}
		},
		{
			"type" : "Feature",
			"geometry" : {
				"type" : "LineString",
				"coordinates" : [
					[ 5.176905, 52.0686612 ],
					[ 5.1770054, 52.0686636 ],
					[ 5.1770801, 52.0686753 ],
					[ 5.1771408, 52.068704 ],
					[ 5.1771964, 52.0687421 ],
					[ 5.1772541, 52.068872 ]
				]
			},
			"properties" : {
				"_edge_id" : 54,
				"_right_edge" : -230,
				"_left_edge" : -38,
				"_from_node" : 54,
				"_to_node" : 42
			}
		},
		{
			"type" : "Feature",
			"geometry" : {
				"type" : "LineString",
				"coordinates" : [
					[ 5.164032, 52.0682824 ],
					[ 5.164018, 52.0683474 ],
					[ 5.164027, 52.068418 ],
					[ 5.1640131, 52.0684821 ]
				]
			},
			"properties" : {
				"_edge_id" : 53,
				"_right_edge" : 148,
				"_left_edge" : 52,
				"_from_node" : 58,
				"_to_node" : 73
			}
		},
		{
			"type" : "Feature",
			"geometry" : {
				"type" : "LineString",
				"coordinates" : [
					[ 5.164032, 52.0682824 ],
					[ 5.1639855, 52.0682129 ],
					[ 5.1639391, 52.0681227 ],
					[ 5.1639338, 52.0680409 ],
					[ 5.1639841, 52.0678514 ],
					[ 5.163958, 52.0677608 ],
					[ 5.1639738, 52.0676914 ],
					[ 5.1640672, 52.0676588 ],
					[ 5.1642454, 52.0676468 ],
					[ 5.1643334, 52.0676605 ],
					[ 5.1644161, 52.0677147 ],
					[ 5.1645024, 52.0677882 ],
					[ 5.1645833, 52.0678753 ],
					[ 5.1646251, 52.0679219 ],
					[ 5.1646473, 52.0679556 ]
				]
			},
			"properties" : {
				"_edge_id" : 52,
				"_right_edge" : -246,
				"_left_edge" : -42,
				"_from_node" : 58,
				"_to_node" : 57
			}
		},
		{
			"type" : "Feature",
			"geometry" : {
				"type" : "LineString",
				"coordinates" : [
					[ 5.1697650237, 52.0677035458 ],
					[ 5.1697184578, 52.0676367718 ],
					[ 5.1696040922, 52.0676048838 ]
				]
			},
			"properties" : {
				"_edge_id" : 51,
				"_right_edge" : 162,
				"_left_edge" : 50,
				"_from_node" : 70,
				"_to_node" : 72
			}
		},
		{
			"type" : "Feature",
			"geometry" : {
				"type" : "LineString",
				"coordinates" : [
					[ 5.1697650237, 52.0677035458 ],
					[ 5.1697968, 52.0675667 ]
				]
			},
			"properties" : {
				"_edge_id" : 50,
				"_right_edge" : 243,
				"_left_edge" : -146,
				"_from_node" : 70,
				"_to_node" : 71
			}
		},
		{
			"type" : "Feature",
			"geometry" : {
				"type" : "LineString",
				"coordinates" : [
					[ 5.1642199, 52.070642 ],
					[ 5.1643645, 52.0706147 ],
					[ 5.1663849, 52.0696738 ],
					[ 5.1675775, 52.0691185 ]
				]
			},
			"properties" : {
				"_edge_id" : 49,
				"_right_edge" : 192,
				"_left_edge" : 47,
				"_from_node" : 66,
				"_to_node" : 69
			}
		},
		{
			"type" : "Feature",
			"geometry" : {
				"type" : "LineString",
				"coordinates" : [
					[ 5.1642199, 52.070642 ],
					[ 5.1642273, 52.0705947 ],
					[ 5.164214, 52.0705313 ],
					[ 5.1642166, 52.0704995 ],
					[ 5.1642293, 52.0704822 ],
					[ 5.1642587, 52.0704574 ],
					[ 5.1643611, 52.0703842 ],
					[ 5.1644436, 52.0703176 ],
					[ 5.1644598, 52.0702883 ],
					[ 5.1644701, 52.0702413 ],
					[ 5.1644611, 52.0702194 ],
					[ 5.1643624, 52.0701321 ],
					[ 5.1642782, 52.0700772 ],
					[ 5.1642203, 52.0700285 ],
					[ 5.1641881, 52.0699827 ],
					[ 5.1641871, 52.0699443 ],
					[ 5.1641977, 52.0698815 ],
					[ 5.16427, 52.0698055 ],
					[ 5.164357, 52.069746 ],
					[ 5.1643683, 52.0697021 ],
					[ 5.1643634, 52.0696693 ],
					[ 5.1643502, 52.0696046 ],
					[ 5.1642148, 52.0694992 ],
					[ 5.1641371, 52.0694086 ],
					[ 5.1641305, 52.0693107 ],
					[ 5.1641472, 52.0692415 ],
					[ 5.1642029, 52.0691655 ],
					[ 5.1642013, 52.0690956 ],
					[ 5.1641527, 52.0690418 ],
					[ 5.1640932, 52.068981 ],
					[ 5.1640542, 52.0689362 ],
					[ 5.1640449, 52.0689059 ],
					[ 5.1640572, 52.068809 ],
					[ 5.1640775, 52.0687341 ]
				]
			},
			"properties" : {
				"_edge_id" : 48,
				"_right_edge" : 189,
				"_left_edge" : 49,
				"_from_node" : 66,
				"_to_node" : 68
			}
		},
		{
			"type" : "Feature",
			"geometry" : {
				"type" : "LineString",
				"coordinates" : [
					[ 5.1642199, 52.070642 ],
					[ 5.164232, 52.0706969 ],
					[ 5.1642421, 52.0707431 ],
					[ 5.1642535, 52.070835 ],
					[ 5.1642749, 52.0710032 ],
					[ 5.1643192, 52.0713609 ],
					[ 5.1644067, 52.0720179 ],
					[ 5.1645863, 52.0733874 ],
					[ 5.1647305, 52.0744676 ],
					[ 5.1647879, 52.0749798 ],
					[ 5.1648101, 52.0751743 ],
					[ 5.1649113, 52.0759208 ],
					[ 5.1649897, 52.0764028 ],
					[ 5.1651011, 52.0771462 ],
					[ 5.1651423, 52.0772117 ],
					[ 5.1651823, 52.0773595 ]
				]
			},
			"properties" : {
				"_edge_id" : 47,
				"_right_edge" : -165,
				"_left_edge" : -236,
				"_from_node" : 66,
				"_to_node" : 67
			}
		},
		{
			"type" : "Feature",
			"geometry" : {
				"type" : "LineString",
				"coordinates" : [
					[ 5.170119, 52.0760718 ],
					[ 5.1692877, 52.0767475 ]
				]
			},
			"properties" : {
				"_edge_id" : 46,
				"_right_edge" : 105,
				"_left_edge" : 45,
				"_from_node" : 63,
				"_to_node" : 65
			}
		},
		{
			"type" : "Feature",
			"geometry" : {
				"type" : "LineString",
				"coordinates" : [
					[ 5.170119, 52.0760718 ],
					[ 5.1700815, 52.0759884 ],
					[ 5.1700002, 52.0758898 ],
					[ 5.1699291, 52.0758506 ],
					[ 5.1698575, 52.0758318 ],
					[ 5.1697273, 52.0758358 ],
					[ 5.1695934, 52.0757728 ],
					[ 5.1695193, 52.0757472 ]
				]
			},
			"properties" : {
				"_edge_id" : 45,
				"_right_edge" : 257,
				"_left_edge" : -89,
				"_from_node" : 63,
				"_to_node" : 64
			}
		},
		{
			"type" : "Feature",
			"geometry" : {
				"type" : "LineString",
				"coordinates" : [
					[ 5.1583828, 52.070434 ],
					[ 5.1584797, 52.0705016 ],
					[ 5.1586654, 52.0705807 ],
					[ 5.1587131, 52.0706164 ]
				]
			},
			"properties" : {
				"_edge_id" : 44,
				"_right_edge" : 220,
				"_left_edge" : -68,
				"_from_node" : 61,
				"_to_node" : 62
			}
		},
		{
			"type" : "Feature",
			"geometry" : {
				"type" : "LineString",
				"coordinates" : [
					[ 5.1662637, 52.0682511 ],
					[ 5.1662087, 52.0683001 ]
				]
			},
			"properties" : {
				"_edge_id" : 43,
				"_right_edge" : 57,
				"_left_edge" : -281,
				"_from_node" : 59,
				"_to_node" : 60
			}
		},
		{
			"type" : "Feature",
			"geometry" : {
				"type" : "LineString",
				"coordinates" : [
					[ 5.1646473, 52.0679556 ],
					[ 5.164506, 52.0680508 ],
					[ 5.164353, 52.0680815 ],
					[ 5.1642289, 52.0681355 ],
					[ 5.1641352, 52.068202 ],
					[ 5.164032, 52.0682824 ]
				]
			},
			"properties" : {
				"_edge_id" : 42,
				"_right_edge" : 53,
				"_left_edge" : -52,
				"_from_node" : 57,
				"_to_node" : 58
			}
		},
		{
			"type" : "Feature",
			"geometry" : {
				"type" : "LineString",
				"coordinates" : [
					[ 5.1515667, 52.0696651 ],
					[ 5.1515488, 52.0697114 ],
					[ 5.1515488, 52.0697537 ],
					[ 5.1515752, 52.0698343 ],
					[ 5.1518855, 52.0703706 ],
					[ 5.1522732, 52.0710681 ],
					[ 5.1523664, 52.0711361 ]
				]
			},
			"properties" : {
				"_edge_id" : 41,
				"_right_edge" : 17,
				"_left_edge" : -151,
				"_from_node" : 56,
				"_to_node" : 25
			}
		},
		{
			"type" : "Feature",
			"geometry" : {
				"type" : "LineString",
				"coordinates" : [
					[ 5.1553844, 52.0714064 ],
					[ 5.1554083, 52.0713047 ],
					[ 5.1555077, 52.0710998 ],
					[ 5.155549, 52.0710107 ],
					[ 5.1555592, 52.0709466 ],
					[ 5.1555389, 52.0707672 ],
					[ 5.1555373, 52.0706329 ],
					[ 5.1555356, 52.0705402 ],
					[ 5.1555485, 52.0704757 ],
					[ 5.1555844, 52.0703936 ],
					[ 5.155753, 52.0702386 ],
					[ 5.1558403, 52.0701168 ],
					[ 5.1559136, 52.0699808 ],
					[ 5.1559525, 52.0697872 ],
					[ 5.1559847, 52.0696099 ],
					[ 5.1560572, 52.0694151 ],
					[ 5.1561159, 52.0692164 ]
				]
			},
			"properties" : {
				"_edge_id" : 40,
				"_right_edge" : -205,
				"_left_edge" : -32,
				"_from_node" : 27,
				"_to_node" : 55
			}
		},
		{
			"type" : "Feature",
			"geometry" : {
				"type" : "LineString",
				"coordinates" : [
					[ 5.1553844, 52.0714064 ],
					[ 5.1554028, 52.0714841 ],
					[ 5.155533, 52.0717678 ],
					[ 5.1556469, 52.0720092 ],
					[ 5.1557613, 52.0721998 ],
					[ 5.1558094, 52.0722572 ],
					[ 5.1558071, 52.0722999 ]
				]
			},
			"properties" : {
				"_edge_id" : 39,
				"_right_edge" : -130,
				"_left_edge" : -17,
				"_from_node" : 27,
				"_to_node" : 26
			}
		},
		{
			"type" : "Feature",
			"geometry" : {
				"type" : "LineString",
				"coordinates" : [
					[ 5.1767966, 52.0686941 ],
					[ 5.176905, 52.0686612 ]
				]
			},
			"properties" : {
				"_edge_id" : 38,
				"_right_edge" : -174,
				"_left_edge" : -21,
				"_from_node" : 33,
				"_to_node" : 54
			}
		},
		{
			"type" : "Feature",
			"geometry" : {
				"type" : "LineString",
				"coordinates" : [
					[ 5.1767966, 52.0686941 ],
					[ 5.1768513, 52.0686171 ]
				]
			},
			"properties" : {
				"_edge_id" : 37,
				"_right_edge" : 173,
				"_left_edge" : 38,
				"_from_node" : 33,
				"_to_node" : 53
			}
		},
		{
			"type" : "Feature",
			"geometry" : {
				"type" : "LineString",
				"coordinates" : [
					[ 5.1777372, 52.0683336 ],
					[ 5.177808, 52.0683742 ],
					[ 5.1778712, 52.0684075 ]
				]
			},
			"properties" : {
				"_edge_id" : 36,
				"_right_edge" : -7,
				"_left_edge" : -252,
				"_from_node" : 52,
				"_to_node" : 12
			}
		},
		{
			"type" : "Feature",
			"geometry" : {
				"type" : "LineString",
				"coordinates" : [
					[ 5.1778712, 52.0684075 ],
					[ 5.1775605, 52.0686401 ]
				]
			},
			"properties" : {
				"_edge_id" : 35,
				"_right_edge" : -269,
				"_left_edge" : -36,
				"_from_node" : 12,
				"_to_node" : 51
			}
		},
		{
			"type" : "Feature",
			"geometry" : {
				"type" : "LineString",
				"coordinates" : [
					[ 5.1778712, 52.0684075 ],
					[ 5.1778913, 52.0684337 ],
					[ 5.1779031, 52.0684497 ]
				]
			},
			"properties" : {
				"_edge_id" : 34,
				"_right_edge" : 109,
				"_left_edge" : 35,
				"_from_node" : 12,
				"_to_node" : 50
			}
		},
		{
			"type" : "Feature",
			"geometry" : {
				"type" : "LineString",
				"coordinates" : [
					[ 5.1781644, 52.0675026 ],
					[ 5.1781682, 52.06753 ],
					[ 5.1781688, 52.0675885 ]
				]
			},
			"properties" : {
				"_edge_id" : 33,
				"_right_edge" : 113,
				"_left_edge" : -180,
				"_from_node" : 48,
				"_to_node" : 49
			}
		},
		{
			"type" : "Feature",
			"geometry" : {
				"type" : "LineString",
				"coordinates" : [
					[ 5.1559227, 52.0714067 ],
					[ 5.1557541, 52.0714089 ],
					[ 5.1555252, 52.0714096 ],
					[ 5.1553844, 52.0714064 ]
				]
			},
			"properties" : {
				"_edge_id" : 32,
				"_right_edge" : 39,
				"_left_edge" : -276,
				"_from_node" : 47,
				"_to_node" : 27
			}
		},
		{
			"type" : "Feature",
			"geometry" : {
				"type" : "LineString",
				"coordinates" : [
					[ 5.1681898, 52.0708534 ],
					[ 5.1682119, 52.0709759 ],
					[ 5.1682402, 52.0711498 ],
					[ 5.1682321, 52.0711703 ],
					[ 5.1678758, 52.0712314 ],
					[ 5.1671498, 52.0713313 ],
					[ 5.1671096, 52.0713302 ],
					[ 5.1670642, 52.0713147 ],
					[ 5.1669152, 52.0704604 ]
				]
			},
			"properties" : {
				"_edge_id" : 31,
				"_right_edge" : 14,
				"_left_edge" : 31,
				"_from_node" : 46,
				"_to_node" : 21
			}
		},
		{
			"type" : "Feature",
			"geometry" : {
				"type" : "LineString",
				"coordinates" : [
					[ 5.1710225, 52.0703012 ],
					[ 5.1697624, 52.0705471 ]
				]
			},
			"properties" : {
				"_edge_id" : 30,
				"_right_edge" : -267,
				"_left_edge" : -107,
				"_from_node" : 44,
				"_to_node" : 45
			}
		},
		{
			"type" : "Feature",
			"geometry" : {
				"type" : "LineString",
				"coordinates" : [
					[ 5.1772541, 52.068872 ],
					[ 5.1770443, 52.0690299 ]
				]
			},
			"properties" : {
				"_edge_id" : 29,
				"_right_edge" : -163,
				"_left_edge" : -54,
				"_from_node" : 42,
				"_to_node" : 32
			}
		},
		{
			"type" : "Feature",
			"geometry" : {
				"type" : "LineString",
				"coordinates" : [
					[ 5.1772541, 52.068872 ],
					[ 5.1772849, 52.0689443 ],
					[ 5.177299, 52.0689906 ]
				]
			},
			"properties" : {
				"_edge_id" : 28,
				"_right_edge" : 82,
				"_left_edge" : 29,
				"_from_node" : 42,
				"_to_node" : 43
			}
		},
		{
			"type" : "Feature",
			"geometry" : {
				"type" : "LineString",
				"coordinates" : [
					[ 5.1781786515, 52.0654710447 ],
					[ 5.1780716487, 52.0654507047 ]
				]
			},
			"properties" : {
				"_edge_id" : 27,
				"_right_edge" : 81,
				"_left_edge" : -103,
				"_from_node" : 39,
				"_to_node" : 41
			}
		},
		{
			"type" : "Feature",
			"geometry" : {
				"type" : "LineString",
				"coordinates" : [
					[ 5.1781786515, 52.0654710447 ],
					[ 5.1781805729, 52.0654963466 ],
					[ 5.1781890816, 52.0658702458 ],
					[ 5.1781911, 52.0659213 ],
					[ 5.1782571, 52.0675316 ]
				]
			},
			"properties" : {
				"_edge_id" : 26,
				"_right_edge" : -109,
				"_left_edge" : 27,
				"_from_node" : 39,
				"_to_node" : 40
			}
		},
		{
			"type" : "Feature",
			"geometry" : {
				"type" : "LineString",
				"coordinates" : [
					[ 5.1742961, 52.0729851 ],
					[ 5.1743836, 52.0729294 ],
					[ 5.1748089, 52.0725854 ],
					[ 5.1749974, 52.0724694 ],
					[ 5.1751539, 52.0724365 ],
					[ 5.1753122, 52.0724205 ],
					[ 5.1781498, 52.0724225 ],
					[ 5.1795213, 52.0724259 ],
					[ 5.1796507, 52.072433 ],
					[ 5.1798518, 52.0724985 ],
					[ 5.1799735, 52.0725541 ],
					[ 5.1804872, 52.0728467 ],
					[ 5.1805343, 52.0728839 ],
					[ 5.1806093, 52.0728979 ]
				]
			},
			"properties" : {
				"_edge_id" : 25,
				"_right_edge" : 55,
				"_left_edge" : 23,
				"_from_node" : 35,
				"_to_node" : 38
			}
		},
		{
			"type" : "Feature",
			"geometry" : {
				"type" : "LineString",
				"coordinates" : [
					[ 5.1742961, 52.0729851 ],
					[ 5.1741475, 52.072946 ],
					[ 5.1740476, 52.0729322 ]
				]
			},
			"properties" : {
				"_edge_id" : 24,
				"_right_edge" : 160,
				"_left_edge" : 25,
				"_from_node" : 35,
				"_to_node" : 37
			}
		},
		{
			"type" : "Feature",
			"geometry" : {
				"type" : "LineString",
				"coordinates" : [
					[ 5.1742961, 52.0729851 ],
					[ 5.1743326, 52.0730028 ],
					[ 5.1744159, 52.072992 ],
					[ 5.1745574, 52.0729401 ],
					[ 5.1746191, 52.0729307 ],
					[ 5.1746902, 52.0729298 ],
					[ 5.1748078, 52.0729256 ],
					[ 5.1749269, 52.0728869 ],
					[ 5.1750177, 52.0728232 ],
					[ 5.1751362, 52.072788 ],
					[ 5.1752018, 52.0727686 ],
					[ 5.1752876, 52.0727512 ],
					[ 5.1753886, 52.0727426 ],
					[ 5.1755096, 52.0727437 ],
					[ 5.1756911, 52.0727583 ],
					[ 5.1758558, 52.0727692 ],
					[ 5.1758789, 52.0727673 ],
					[ 5.175902, 52.0727604 ],
					[ 5.1759617, 52.0727291 ],
					[ 5.1759945, 52.0727209 ],
					[ 5.1760579, 52.0727209 ],
					[ 5.1761666, 52.0727308 ],
					[ 5.1762091, 52.0727407 ],
					[ 5.1762399, 52.0727633 ],
					[ 5.1762797, 52.0727848 ],
					[ 5.176421, 52.0727986 ],
					[ 5.1765075, 52.0728084 ],
					[ 5.1766189, 52.0728279 ],
					[ 5.1767216, 52.0728356 ],
					[ 5.1768421, 52.0728157 ],
					[ 5.1769778, 52.0727666 ],
					[ 5.1771242, 52.0726992 ],
					[ 5.177233, 52.0726216 ],
					[ 5.1772748, 52.0725944 ],
					[ 5.1773075, 52.0725746 ],
					[ 5.1773452, 52.0725489 ],
					[ 5.1773809, 52.0725423 ],
					[ 5.1780567, 52.0724943 ],
					[ 5.1782369, 52.0725136 ],
					[ 5.1783692, 52.0725553 ],
					[ 5.1784266, 52.0725918 ],
					[ 5.1784567, 52.0726143 ],
					[ 5.1785205, 52.0726903 ],
					[ 5.1785682, 52.0727243 ],
					[ 5.1786281, 52.0727299 ],
					[ 5.1787407, 52.0727236 ],
					[ 5.1788905, 52.0727118 ],
					[ 5.1789758, 52.0726922 ],
					[ 5.1791326, 52.0726874 ],
					[ 5.1792929, 52.0726931 ],
					[ 5.1794907, 52.0727264 ],
					[ 5.1796189, 52.0727479 ],
					[ 5.1797359, 52.0727841 ],
					[ 5.1797793, 52.0728056 ],
					[ 5.1799471, 52.0729137 ],
					[ 5.1800354, 52.0729616 ],
					[ 5.1800815, 52.0730113 ],
					[ 5.1800881, 52.0730598 ],
					[ 5.1801094, 52.0731331 ],
					[ 5.1801553, 52.0731724 ],
					[ 5.1802021, 52.0732064 ],
					[ 5.1802646, 52.0732366 ],
					[ 5.1804105, 52.0732726 ],
					[ 5.1804593, 52.0732741 ],
					[ 5.1805009, 52.0732645 ],
					[ 5.1805672, 52.0732436 ]
				]
			},
			"properties" : {
				"_edge_id" : 23,
				"_right_edge" : -56,
				"_left_edge" : 24,
				"_from_node" : 35,
				"_to_node" : 36
			}
		},
		{
			"type" : "Feature",
			"geometry" : {
				"type" : "LineString",
				"coordinates" : [
					[ 5.1770443, 52.0690299 ],
					[ 5.1767656, 52.0692369 ]
				]
			},
			"properties" : {
				"_edge_id" : 22,
				"_right_edge" : 98,
				"_left_edge" : 21,
				"_from_node" : 32,
				"_to_node" : 34
			}
		},
		{
			"type" : "Feature",
			"geometry" : {
				"type" : "LineString",
				"coordinates" : [
					[ 5.1770443, 52.0690299 ],
					[ 5.1768435, 52.0689459 ],
					[ 5.1767806, 52.0689074 ],
					[ 5.1767307, 52.068859 ],
					[ 5.1767183, 52.0688199 ],
					[ 5.1767363, 52.0687672 ],
					[ 5.1767573, 52.0687304 ],
					[ 5.1767966, 52.0686941 ]
				]
			},
			"properties" : {
				"_edge_id" : 21,
				"_right_edge" : 37,
				"_left_edge" : -29,
				"_from_node" : 32,
				"_to_node" : 33
			}
		},
		{
			"type" : "Feature",
			"geometry" : {
				"type" : "LineString",
				"coordinates" : [
					[ 5.1713813, 52.0785972 ],
					[ 5.1713823, 52.0786134 ],
					[ 5.1714125, 52.0786468 ],
					[ 5.171473, 52.0786803 ],
					[ 5.1715724, 52.0787209 ],
					[ 5.1723103, 52.0789995 ],
					[ 5.1731448, 52.079307 ],
					[ 5.1732636, 52.0793322 ],
					[ 5.1733429, 52.0793324 ],
					[ 5.1734807, 52.0793054 ],
					[ 5.1736889, 52.0792667 ],
					[ 5.1737309, 52.0792669 ],
					[ 5.1737757, 52.0792768 ],
					[ 5.17384, 52.0793093 ],
					[ 5.1739082, 52.079373 ],
					[ 5.1740301, 52.07951 ],
					[ 5.1742141, 52.0797007 ],
					[ 5.1744704, 52.0799612 ]
				]
			},
			"properties" : {
				"_edge_id" : 20,
				"_right_edge" : 74,
				"_left_edge" : -76,
				"_from_node" : 30,
				"_to_node" : 2
			}
		},
		{
			"type" : "Feature",
			"geometry" : {
				"type" : "LineString",
				"coordinates" : [
					[ 5.1713813, 52.0785972 ],
					[ 5.1714319, 52.0785743 ],
					[ 5.1714595, 52.0785408 ],
					[ 5.1714725, 52.0784686 ],
					[ 5.171467, 52.0783754 ],
					[ 5.1710722, 52.0770299 ],
					[ 5.1705818, 52.0756993 ]
				]
			},
			"properties" : {
				"_edge_id" : 19,
				"_right_edge" : 89,
				"_left_edge" : 20,
				"_from_node" : 30,
				"_to_node" : 31
			}
		},
		{
			"type" : "Feature",
			"geometry" : {
				"type" : "LineString",
				"coordinates" : [
					[ 5.156243, 52.0690275 ],
					[ 5.1562692, 52.0690146 ],
					[ 5.1562801, 52.0690063 ],
					[ 5.156263, 52.068998 ],
					[ 5.1563535, 52.0689024 ],
					[ 5.156558, 52.0686722 ],
					[ 5.1569912, 52.0683302 ],
					[ 5.1572384, 52.0681598 ],
					[ 5.1574836, 52.0679992 ],
					[ 5.1576015, 52.0679296 ],
					[ 5.1581826, 52.0676391 ],
					[ 5.1587098, 52.067356 ],
					[ 5.1591463, 52.06724 ],
					[ 5.159405, 52.0671619 ],
					[ 5.1596061, 52.0670899 ],
					[ 5.159887, 52.0670181 ],
					[ 5.1600789, 52.06697 ],
					[ 5.1601807, 52.0669605 ],
					[ 5.1602261, 52.0669589 ],
					[ 5.1605495, 52.066973 ],
					[ 5.1608116, 52.0669603 ],
					[ 5.1609566, 52.0669373 ],
					[ 5.1610233, 52.0669239 ],
					[ 5.1613451, 52.0668536 ],
					[ 5.1618738, 52.0667183 ],
					[ 5.163329, 52.0664106 ],
					[ 5.1635449, 52.0663749 ],
					[ 5.1638294, 52.0663618 ],
					[ 5.1639754, 52.0663626 ],
					[ 5.1641452, 52.0663684 ],
					[ 5.1643625, 52.0663851 ],
					[ 5.1647976, 52.0664226 ],
					[ 5.1651227, 52.0664517 ],
					[ 5.1654572, 52.0664898 ],
					[ 5.1657977, 52.0665356 ],
					[ 5.1658654, 52.0665412 ],
					[ 5.1659257, 52.0665446 ],
					[ 5.1661014, 52.0665672 ],
					[ 5.1662867, 52.0665761 ],
					[ 5.1665333, 52.0665843 ],
					[ 5.1667682, 52.0666074 ],
					[ 5.1669305, 52.0666373 ],
					[ 5.1671017, 52.0666826 ],
					[ 5.1671833, 52.0667047 ],
					[ 5.1672656, 52.0667215 ],
					[ 5.1673347, 52.066738 ],
					[ 5.1674124, 52.0667504 ],
					[ 5.1675286, 52.0667627 ],
					[ 5.1676715, 52.0667728 ],
					[ 5.1679521, 52.0667908 ],
					[ 5.1684942, 52.0668276 ],
					[ 5.168667, 52.0668421 ],
					[ 5.1688404, 52.0668602 ],
					[ 5.168933, 52.0668631 ],
					[ 5.1689851, 52.0668546 ],
					[ 5.1690677, 52.0668312 ],
					[ 5.1693785, 52.0667418 ],
					[ 5.1693985, 52.0667306 ],
					[ 5.1694629, 52.0667229 ],
					[ 5.1695117, 52.0667174 ],
					[ 5.1695641, 52.0667193 ],
					[ 5.1696513, 52.0667351 ],
					[ 5.1697444, 52.0667597 ],
					[ 5.1698102, 52.0667806 ],
					[ 5.1698744, 52.0668127 ],
					[ 5.1699469, 52.0668736 ]
				]
			},
			"properties" : {
				"_edge_id" : 18,
				"_right_edge" : 210,
				"_left_edge" : -138,
				"_from_node" : 28,
				"_to_node" : 29
			}
		},
		{
			"type" : "Feature",
			"geometry" : {
				"type" : "LineString",
				"coordinates" : [
					[ 5.1523664, 52.0711361 ],
					[ 5.1524185, 52.0711446 ],
					[ 5.1524976, 52.0711556 ],
					[ 5.1538634, 52.0711212 ],
					[ 5.154105, 52.0711179 ],
					[ 5.1542694, 52.0711353 ],
					[ 5.1544174, 52.0711642 ],
					[ 5.1545936, 52.0712049 ],
					[ 5.1550242, 52.0713173 ],
					[ 5.1551982, 52.071369 ],
					[ 5.1553844, 52.0714064 ]
				]
			},
			"properties" : {
				"_edge_id" : 17,
				"_right_edge" : 40,
				"_left_edge" : 16,
				"_from_node" : 25,
				"_to_node" : 27
			}
		},
		{
			"type" : "Feature",
			"geometry" : {
				"type" : "LineString",
				"coordinates" : [
					[ 5.1523664, 52.0711361 ],
					[ 5.1523685, 52.0711936 ],
					[ 5.1524996, 52.071411 ],
					[ 5.1527805, 52.0719034 ],
					[ 5.1530963, 52.0724557 ],
					[ 5.153224, 52.0726938 ],
					[ 5.1532787, 52.0727541 ],
					[ 5.1533701, 52.0728134 ],
					[ 5.1534843, 52.0728561 ],
					[ 5.1535915, 52.0728878 ],
					[ 5.1537308, 52.0728947 ],
					[ 5.1538709, 52.0728787 ],
					[ 5.1544072, 52.0727464 ],
					[ 5.1548529, 52.0726248 ],
					[ 5.1555585, 52.0724439 ],
					[ 5.1556509, 52.0724277 ],
					[ 5.1557406, 52.0723941 ],
					[ 5.1557877, 52.0723593 ],
					[ 5.1558071, 52.0722999 ]
				]
			},
			"properties" : {
				"_edge_id" : 16,
				"_right_edge" : -39,
				"_left_edge" : -41,
				"_from_node" : 25,
				"_to_node" : 26
			}
		},
		{
			"type" : "Feature",
			"geometry" : {
				"type" : "LineString",
				"coordinates" : [
					[ 5.1667414, 52.0686463 ],
					[ 5.1668024, 52.0686951 ],
					[ 5.1668688, 52.0687311 ],
					[ 5.1669381, 52.0687487 ],
					[ 5.1669854, 52.0687552 ],
					[ 5.1670312, 52.0687587 ],
					[ 5.1670837, 52.0687362 ],
					[ 5.1671803, 52.068699 ],
					[ 5.1672486, 52.0686731 ],
					[ 5.1673083, 52.0686811 ],
					[ 5.1673576, 52.0687119 ],
					[ 5.1673838, 52.0687674 ],
					[ 5.1674209, 52.0687962 ],
					[ 5.1674707, 52.0688077 ],
					[ 5.167538, 52.0688239 ]
				]
			},
			"properties" : {
				"_edge_id" : 15,
				"_right_edge" : 156,
				"_left_edge" : -251,
				"_from_node" : 23,
				"_to_node" : 24
			}
		},
		{
			"type" : "Feature",
			"geometry" : {
				"type" : "LineString",
				"coordinates" : [
					[ 5.1669152, 52.0704604 ],
					[ 5.1668866, 52.0703327 ],
					[ 5.1669152, 52.0702706 ],
					[ 5.1676727, 52.0698383 ]
				]
			},
			"properties" : {
				"_edge_id" : 14,
				"_right_edge" : 84,
				"_left_edge" : -259,
				"_from_node" : 21,
				"_to_node" : 22
			}
		},
		{
			"type" : "Feature",
			"geometry" : {
				"type" : "LineString",
				"coordinates" : [
					[ 5.1736304, 52.0706107 ],
					[ 5.1737499, 52.0704965 ],
					[ 5.1747929, 52.069589 ]
				]
			},
			"properties" : {
				"_edge_id" : 13,
				"_right_edge" : -264,
				"_left_edge" : 12,
				"_from_node" : 18,
				"_to_node" : 20
			}
		},
		{
			"type" : "Feature",
			"geometry" : {
				"type" : "LineString",
				"coordinates" : [
					[ 5.1736304, 52.0706107 ],
					[ 5.1738381, 52.0719957 ],
					[ 5.1738807, 52.0722799 ],
					[ 5.1738965, 52.072315 ],
					[ 5.1739389, 52.0723454 ],
					[ 5.1744437, 52.0726091 ]
				]
			},
			"properties" : {
				"_edge_id" : 12,
				"_right_edge" : -128,
				"_left_edge" : -263,
				"_from_node" : 18,
				"_to_node" : 19
			}
		},
		{
			"type" : "Feature",
			"geometry" : {
				"type" : "LineString",
				"coordinates" : [
					[ 5.1736433, 52.0641022 ],
					[ 5.1736391, 52.0641395 ],
					[ 5.1736497, 52.0641617 ],
					[ 5.1736972, 52.0641875 ],
					[ 5.1740437, 52.0642975 ],
					[ 5.1743957, 52.0644087 ],
					[ 5.1745636, 52.0644632 ],
					[ 5.1747221, 52.0645316 ],
					[ 5.1747887, 52.0645677 ],
					[ 5.1748249, 52.064603 ],
					[ 5.1749089, 52.0646818 ],
					[ 5.1749513, 52.0647427 ],
					[ 5.1749823, 52.0648225 ],
					[ 5.1750022, 52.0648888 ],
					[ 5.1750048, 52.0649571 ],
					[ 5.1749754, 52.0650761 ],
					[ 5.1749221, 52.0651939 ],
					[ 5.1748353, 52.0653121 ]
				]
			},
			"properties" : {
				"_edge_id" : 11,
				"_right_edge" : 180,
				"_left_edge" : 9,
				"_from_node" : 14,
				"_to_node" : 17
			}
		},
		{
			"type" : "Feature",
			"geometry" : {
				"type" : "LineString",
				"coordinates" : [
					[ 5.1736433, 52.0641022 ],
					[ 5.1738195, 52.0640977 ],
					[ 5.1746842, 52.0640329 ],
					[ 5.1749356675, 52.0640219044 ],
					[ 5.177182893, 52.0639943139 ],
					[ 5.1783151762, 52.0640690439 ],
					[ 5.1780892188, 52.0644522297 ],
					[ 5.1780345208, 52.0647957242 ],
					[ 5.1780383664, 52.0648689165 ]
				]
			},
			"properties" : {
				"_edge_id" : 10,
				"_right_edge" : 103,
				"_left_edge" : 11,
				"_from_node" : 14,
				"_to_node" : 16
			}
		},
		{
			"type" : "Feature",
			"geometry" : {
				"type" : "LineString",
				"coordinates" : [
					[ 5.1736433, 52.0641022 ],
					[ 5.1735423, 52.0641031 ],
					[ 5.1734804, 52.0641022 ],
					[ 5.1732865, 52.0640929 ],
					[ 5.1730002, 52.0640657 ],
					[ 5.1727146, 52.0640211 ],
					[ 5.1725683, 52.0639902 ],
					[ 5.1724205, 52.0639636 ],
					[ 5.1722787, 52.0639379 ],
					[ 5.1721263, 52.0639242 ],
					[ 5.1719709, 52.0639288 ],
					[ 5.1718193, 52.0639498 ],
					[ 5.1716886, 52.0639696 ],
					[ 5.1715548, 52.0639843 ],
					[ 5.1712348, 52.0640016 ],
					[ 5.1711243, 52.0640034 ],
					[ 5.171049, 52.0639966 ],
					[ 5.1709724, 52.0640174 ],
					[ 5.1702951, 52.0640506 ],
					[ 5.1695793, 52.0640961 ],
					[ 5.1695103, 52.064108 ],
					[ 5.1694681, 52.0641173 ],
					[ 5.1694401, 52.0641534 ],
					[ 5.1694473, 52.0642604 ],
					[ 5.1694659, 52.064503 ],
					[ 5.1694728, 52.0647165 ]
				]
			},
			"properties" : {
				"_edge_id" : 9,
				"_right_edge" : -181,
				"_left_edge" : 10,
				"_from_node" : 14,
				"_to_node" : 15
			}
		},
		{
			"type" : "Feature",
			"geometry" : {
				"type" : "LineString",
				"coordinates" : [
					[ 5.1781834, 52.0680579 ],
					[ 5.1780727, 52.0680632 ],
					[ 5.1779855, 52.0681272 ],
					[ 5.1778883, 52.0682027 ],
					[ 5.177829, 52.0682284 ],
					[ 5.1777834, 52.0682368 ],
					[ 5.1777274, 52.0682354 ]
				]
			},
			"properties" : {
				"_edge_id" : 8,
				"_right_edge" : 275,
				"_left_edge" : -113,
				"_from_node" : 11,
				"_to_node" : 13
			}
		},
		{
			"type" : "Feature",
			"geometry" : {
				"type" : "LineString",
				"coordinates" : [
					[ 5.1781834, 52.0680579 ],
					[ 5.1781842, 52.0681203 ],
					[ 5.1781418, 52.0681907 ],
					[ 5.1778712, 52.0684075 ]
				]
			},
			"properties" : {
				"_edge_id" : 7,
				"_right_edge" : 34,
				"_left_edge" : 8,
				"_from_node" : 11,
				"_to_node" : 12
			}
		},
		{
			"type" : "Feature",
			"geometry" : {
				"type" : "LineString",
				"coordinates" : [
					[ 5.1766609, 52.0684591 ],
					[ 5.1767379, 52.0684925 ],
					[ 5.1767974, 52.0685129 ],
					[ 5.1768801, 52.0685484 ]
				]
			},
			"properties" : {
				"_edge_id" : 6,
				"_right_edge" : 221,
				"_left_edge" : 5,
				"_from_node" : 8,
				"_to_node" : 10
			}
		},
		{
			"type" : "Feature",
			"geometry" : {
				"type" : "LineString",
				"coordinates" : [
					[ 5.1766609, 52.0684591 ],
					[ 5.1765096, 52.0686574 ],
					[ 5.1763925, 52.0688215 ],
					[ 5.1762735, 52.0689991 ]
				]
			},
			"properties" : {
				"_edge_id" : 5,
				"_right_edge" : 212,
				"_left_edge" : -112,
				"_from_node" : 8,
				"_to_node" : 9
			}
		},
		{
			"type" : "Feature",
			"geometry" : {
				"type" : "LineString",
				"coordinates" : [
					[ 5.1752524, 52.0698367 ],
					[ 5.1756724, 52.0700631 ]
				]
			},
			"properties" : {
				"_edge_id" : 4,
				"_right_edge" : -100,
				"_left_edge" : -209,
				"_from_node" : 6,
				"_to_node" : 7
			}
		},
		{
			"type" : "Feature",
			"geometry" : {
				"type" : "LineString",
				"coordinates" : [
					[ 5.1700189, 52.06681 ],
					[ 5.1700548, 52.0668587 ],
					[ 5.1700795, 52.066918 ],
					[ 5.170079, 52.0669864 ]
				]
			},
			"properties" : {
				"_edge_id" : 3,
				"_right_edge" : 149,
				"_left_edge" : -203,
				"_from_node" : 3,
				"_to_node" : 5
			}
		},
		{
			"type" : "Feature",
			"geometry" : {
				"type" : "LineString",
				"coordinates" : [
					[ 5.1700189, 52.06681 ],
					[ 5.1707542, 52.066933 ],
					[ 5.1711798, 52.0670291 ],
					[ 5.1717009, 52.067152 ],
					[ 5.1720827, 52.0672381 ],
					[ 5.1724115, 52.0672842 ],
					[ 5.1725958, 52.0673004 ],
					[ 5.1727605, 52.0673074 ],
					[ 5.1732077, 52.0673147 ],
					[ 5.1732711, 52.0673787 ],
					[ 5.1732785, 52.0674597 ],
					[ 5.1732949, 52.0674927 ],
					[ 5.1733257, 52.0675471 ],
					[ 5.1733373, 52.0675759 ]
				]
			},
			"properties" : {
				"_edge_id" : 2,
				"_right_edge" : 252,
				"_left_edge" : 3,
				"_from_node" : 3,
				"_to_node" : 4
			}
		},
		{
			"type" : "Feature",
			"geometry" : {
				"type" : "LineString",
				"coordinates" : [
					[ 5.17321, 52.081207 ],
					[ 5.173206, 52.0811325 ],
					[ 5.1732197, 52.0805285 ],
					[ 5.1734603, 52.0804104 ],
					[ 5.1741529, 52.0800828 ],
					[ 5.1742357, 52.0800576 ],
					[ 5.1742838, 52.0800488 ],
					[ 5.174357, 52.0800345 ],
					[ 5.174401, 52.0800212 ],
					[ 5.1744704, 52.0799612 ]
				]
			},
			"properties" : {
				"_edge_id" : 1,
				"_right_edge" : -20,
				"_left_edge" : -249,
				"_from_node" : 1,
				"_to_node" : 2
			}
		}
	]
}