{
	"type" : "FeatureCollection",
	"name" : "osmpaden",
	"features" : [
		{
			"type" : "Feature",
			"geometry" : {
				"type" : "Polygon",
				"coordinates" : [
					[
						[ 5.1693744, 52.0675286 ],
						[ 5.1694229, 52.0675294 ],
						[ 5.1695281, 52.0675279 ],
						[ 5.1695273, 52.0675047 ],
						[ 5.1696066, 52.0675036 ],
						[ 5.1696904, 52.0675025 ],
						[ 5.1696913, 52.0675256 ],
						[ 5.1697958, 52.0675242 ],
						[ 5.1697968, 52.0675667 ],
						[ 5.1698027, 52.0676824 ],
						[ 5.1697928, 52.0677232 ],
						[ 5.1697569, 52.067755 ],
						[ 5.1697154, 52.0677742 ],
						[ 5.1696646, 52.0677887 ],
						[ 5.1696219, 52.0677889 ],
						[ 5.1695796, 52.0677888 ],
						[ 5.1695202, 52.0677794 ],
						[ 5.1694693, 52.0677574 ],
						[ 5.1694353, 52.0677198 ],
						[ 5.1694271, 52.0676927 ],
						[ 5.1694202, 52.0675411 ],
						[ 5.1693744, 52.0675286 ]
					],
					[
						[ 5.1695586, 52.0677339 ],
						[ 5.1695937, 52.0677411 ],
						[ 5.1696337, 52.0677412 ],
						[ 5.1696865, 52.0677311 ],
						[ 5.1697242, 52.0677148 ],
						[ 5.1697356, 52.0676994 ],
						[ 5.169733, 52.0676817 ],
						[ 5.1697199, 52.0676624 ],
						[ 5.1696933, 52.0676518 ],
						[ 5.1696581, 52.0676448 ],
						[ 5.169603, 52.0676445 ],
						[ 5.1695632, 52.0676496 ],
						[ 5.1695345, 52.0676547 ],
						[ 5.1695129, 52.0676616 ],
						[ 5.1695013, 52.0676774 ],
						[ 5.169497, 52.0676945 ],
						[ 5.1695017, 52.0677146 ],
						[ 5.1695304, 52.0677265 ],
						[ 5.1695586, 52.0677339 ]
					]
				]
			},
			"properties" : {}
		},
		{
			"type" : "Feature",
			"geometry" : {
				"type" : "Polygon",
				"coordinates" : [
					[
						[ 5.1651595, 52.0682014 ],
						[ 5.1651393, 52.0682082 ],
						[ 5.165091, 52.0681885 ],
						[ 5.1650471, 52.0681661 ],
						[ 5.1650161, 52.0681422 ],
						[ 5.1649938, 52.0681213 ],
						[ 5.1649626, 52.0680816 ],
						[ 5.1649738, 52.0680764 ],
						[ 5.1649934, 52.0680665 ],
						[ 5.1650173, 52.0680778 ],
						[ 5.1650508, 52.0680822 ],
						[ 5.1650757, 52.0680795 ],
						[ 5.1651004, 52.0680723 ],
						[ 5.1651507, 52.0680482 ],
						[ 5.1651669, 52.0680546 ],
						[ 5.1651812, 52.0680605 ],
						[ 5.1651612, 52.0680818 ],
						[ 5.1651473, 52.0681022 ],
						[ 5.1651443, 52.0681188 ],
						[ 5.1651443, 52.0681366 ],
						[ 5.165152, 52.068158 ],
						[ 5.1651654, 52.0681764 ],
						[ 5.1651841, 52.0681917 ],
						[ 5.1651595, 52.0682014 ]
					]
				]
			},
			"properties" : {}
		},
		{
			"type" : "Feature",
			"geometry" : {
				"type" : "LineString",
				"coordinates" : [
					[ 5.1712348, 52.0640016 ],
					[ 5.1715548, 52.0639843 ],
					[ 5.1716886, 52.0639696 ],
					[ 5.1718193, 52.0639498 ],
					[ 5.1719709, 52.0639288 ],
					[ 5.1721263, 52.0639242 ],
					[ 5.1722787, 52.0639379 ],
					[ 5.1724205, 52.0639636 ],
					[ 5.1725683, 52.0639902 ],
					[ 5.1727146, 52.0640211 ],
					[ 5.1730002, 52.0640657 ],
					[ 5.1732865, 52.0640929 ],
					[ 5.1734804, 52.0641022 ],
					[ 5.1735423, 52.0641031 ],
					[ 5.1736433, 52.0641022 ]
				]
			},
			"properties" : {}
		},
		{
			"type" : "Feature",
			"geometry" : {
				"type" : "LineString",
				"coordinates" : [
					[ 5.1781756, 52.0678522 ],
					[ 5.1781788, 52.0680166 ],
					[ 5.1781834, 52.0680579 ],
					[ 5.1781842, 52.0681203 ],
					[ 5.1781418, 52.0681907 ]
				]
			},
			"properties" : {}
		},
		{
			"type" : "Feature",
			"geometry" : {
				"type" : "LineString",
				"coordinates" : [
					[ 5.1780864025, 52.0657831585 ],
					[ 5.1780972, 52.0659856 ],
					[ 5.1781458, 52.0669185 ],
					[ 5.1781644, 52.0675026 ],
					[ 5.1781682, 52.06753 ],
					[ 5.1781688, 52.0675885 ],
					[ 5.1781701, 52.0677375 ],
					[ 5.1781756, 52.0678522 ]
				]
			},
			"properties" : {}
		},
		{
			"type" : "Feature",
			"geometry" : {
				"type" : "LineString",
				"coordinates" : [
					[ 5.1768474, 52.0706931 ],
					[ 5.1770689, 52.0708065 ],
					[ 5.1775098, 52.0710449 ],
					[ 5.1781214, 52.0713879 ],
					[ 5.180632, 52.0727385 ],
					[ 5.1806705, 52.0727617 ]
				]
			},
			"properties" : {}
		},
		{
			"type" : "Feature",
			"geometry" : {
				"type" : "LineString",
				"coordinates" : [
					[ 5.1806093, 52.0728979 ],
					[ 5.1806226, 52.072862 ],
					[ 5.1806371, 52.072839 ],
					[ 5.1806554, 52.072803 ],
					[ 5.1806705, 52.0727617 ]
				]
			},
			"properties" : {}
		},
		{
			"type" : "Feature",
			"geometry" : {
				"type" : "LineString",
				"coordinates" : [
					[ 5.1805672, 52.0732436 ],
					[ 5.1804636, 52.0738098 ],
					[ 5.1804559, 52.0739193 ],
					[ 5.1804637, 52.0739724 ],
					[ 5.1804919, 52.0740324 ],
					[ 5.1805518, 52.0740759 ],
					[ 5.1811444, 52.0744685 ],
					[ 5.1814585, 52.0747025 ],
					[ 5.1815639, 52.0748295 ],
					[ 5.1816197, 52.0749843 ],
					[ 5.1816668, 52.0751773 ],
					[ 5.1816831, 52.0753035 ],
					[ 5.1816849, 52.0753794 ],
					[ 5.1816578, 52.0754601 ],
					[ 5.1816023, 52.0755314 ],
					[ 5.1813574, 52.0757445 ],
					[ 5.1812127, 52.0758574 ],
					[ 5.1811678, 52.0758967 ],
					[ 5.1811489, 52.0759369 ],
					[ 5.1811466, 52.0759859 ],
					[ 5.1811887, 52.0760284 ],
					[ 5.1814471, 52.0761658 ],
					[ 5.1814942, 52.0761919 ]
				]
			},
			"properties" : {}
		},
		{
			"type" : "Feature",
			"geometry" : {
				"type" : "LineString",
				"coordinates" : [
					[ 5.1756925, 52.080926 ],
					[ 5.1755292, 52.0810582 ]
				]
			},
			"properties" : {}
		},
		{
			"type" : "Feature",
			"geometry" : {
				"type" : "LineString",
				"coordinates" : [
					[ 5.1740476, 52.0729322 ],
					[ 5.1738585, 52.0729667 ],
					[ 5.173716, 52.0730026 ],
					[ 5.1736124, 52.0730368 ],
					[ 5.1735198, 52.0730835 ],
					[ 5.1731462, 52.0733575 ],
					[ 5.1723354, 52.0739514 ],
					[ 5.1719752, 52.0742315 ],
					[ 5.171762, 52.0743739 ],
					[ 5.1715157, 52.0745348 ],
					[ 5.1712165, 52.0746869 ],
					[ 5.1700875, 52.075178 ],
					[ 5.1699792, 52.0752255 ],
					[ 5.1685673, 52.075819 ],
					[ 5.1677035, 52.0762146 ],
					[ 5.1670026, 52.076567 ]
				]
			},
			"properties" : {}
		},
		{
			"type" : "Feature",
			"geometry" : {
				"type" : "LineString",
				"coordinates" : [
					[ 5.1729714, 52.081207 ],
					[ 5.17321, 52.081207 ],
					[ 5.1751929, 52.0812065 ],
					[ 5.1753408, 52.0812108 ]
				]
			},
			"properties" : {}
		},
		{
			"type" : "Feature",
			"geometry" : {
				"type" : "LineString",
				"coordinates" : [
					[ 5.1814942, 52.0761919 ],
					[ 5.1805526, 52.0769641 ],
					[ 5.1796656, 52.0776891 ],
					[ 5.1793963, 52.0779096 ],
					[ 5.1785023, 52.0786435 ],
					[ 5.1776903, 52.0792941 ],
					[ 5.1768053, 52.0800299 ],
					[ 5.1761107, 52.0805902 ],
					[ 5.1760971, 52.0806024 ],
					[ 5.1756925, 52.080926 ]
				]
			},
			"properties" : {}
		},
		{
			"type" : "Feature",
			"geometry" : {
				"type" : "LineString",
				"coordinates" : [
					[ 5.1613225, 52.0799731 ],
					[ 5.1614006, 52.0800028 ],
					[ 5.1614155, 52.0800083 ],
					[ 5.1615008, 52.0800255 ],
					[ 5.1616008, 52.0800406 ],
					[ 5.1617965, 52.0800593 ],
					[ 5.1618583, 52.0800669 ],
					[ 5.1619108, 52.080077 ],
					[ 5.1619904, 52.080111 ],
					[ 5.1621284, 52.0801823 ],
					[ 5.1635206, 52.0809055 ],
					[ 5.1637893, 52.0810537 ]
				]
			},
			"properties" : {}
		},
		{
			"type" : "Feature",
			"geometry" : {
				"type" : "LineString",
				"coordinates" : [
					[ 5.1613225, 52.0799731 ],
					[ 5.1612688, 52.0800249 ],
					[ 5.161128, 52.0801431 ],
					[ 5.1610302, 52.0802313 ],
					[ 5.1609245, 52.0803148 ],
					[ 5.1607057, 52.080473 ],
					[ 5.1605921183, 52.0805379416 ]
				]
			},
			"properties" : {}
		},
		{
			"type" : "Feature",
			"geometry" : {
				"type" : "LineString",
				"coordinates" : [
					[ 5.1837179, 52.0743712 ],
					[ 5.1836518, 52.0743432 ],
					[ 5.1834182, 52.0742438 ],
					[ 5.183269, 52.0741675 ],
					[ 5.1830845, 52.0740523 ],
					[ 5.182872, 52.0739217 ],
					[ 5.1827061, 52.0737997 ],
					[ 5.182427, 52.0735934 ],
					[ 5.182312, 52.0735508 ],
					[ 5.1819861, 52.0734736 ],
					[ 5.1818722, 52.0734173 ],
					[ 5.1807443, 52.0728007 ],
					[ 5.1806705, 52.0727617 ]
				]
			},
			"properties" : {}
		},
		{
			"type" : "Feature",
			"geometry" : {
				"type" : "LineString",
				"coordinates" : [
					[ 5.1566067, 52.0713391 ],
					[ 5.1570869, 52.0710818 ],
					[ 5.1572371, 52.0710521 ],
					[ 5.1576519, 52.0710852 ],
					[ 5.1577589, 52.0710789 ],
					[ 5.1578434, 52.0710212 ],
					[ 5.1579118, 52.0709637 ],
					[ 5.1579651, 52.0708892 ],
					[ 5.1580067, 52.070692 ],
					[ 5.1580118, 52.0705909 ],
					[ 5.1580791, 52.0705684 ],
					[ 5.1581884, 52.0705049 ],
					[ 5.1583828, 52.070434 ]
				]
			},
			"properties" : {}
		},
		{
			"type" : "Feature",
			"geometry" : {
				"type" : "LineString",
				"coordinates" : [
					[ 5.161813, 52.0703436 ],
					[ 5.1618145, 52.0703245 ],
					[ 5.1618399, 52.0702206 ],
					[ 5.1619269, 52.0700988 ],
					[ 5.1620096, 52.0700117 ],
					[ 5.1620494, 52.0699664 ],
					[ 5.1620751, 52.0698785 ],
					[ 5.1620781, 52.069836 ],
					[ 5.1620966, 52.0697845 ],
					[ 5.1621243, 52.0697485 ],
					[ 5.1621842, 52.0697159 ],
					[ 5.1622733, 52.0696811 ],
					[ 5.1624017, 52.0696412 ],
					[ 5.1624883, 52.0696065 ],
					[ 5.1625672, 52.0695694 ],
					[ 5.1626106, 52.0695163 ],
					[ 5.162649, 52.0694527 ],
					[ 5.162683, 52.0693768 ],
					[ 5.1627218, 52.0692946 ],
					[ 5.1628327, 52.0692072 ],
					[ 5.1628965, 52.0691448 ],
					[ 5.1629067, 52.0690665 ],
					[ 5.1629007, 52.0689996 ],
					[ 5.1628751, 52.0688996 ],
					[ 5.1628675, 52.0688464 ],
					[ 5.1628717, 52.0687967 ],
					[ 5.1628909, 52.0687315 ],
					[ 5.1629193, 52.0686795 ],
					[ 5.1629468, 52.0686468 ],
					[ 5.1630231, 52.068599 ],
					[ 5.1631213, 52.0685535 ],
					[ 5.1632438, 52.0685388 ],
					[ 5.163479, 52.0684996 ],
					[ 5.1636424, 52.0684891 ],
					[ 5.1637519, 52.068501 ],
					[ 5.1638082, 52.0684958 ]
				]
			},
			"properties" : {}
		},
		{
			"type" : "Feature",
			"geometry" : {
				"type" : "LineString",
				"coordinates" : [
					[ 5.1700651, 52.067052 ],
					[ 5.1700329, 52.0672415 ]
				]
			},
			"properties" : {}
		},
		{
			"type" : "Feature",
			"geometry" : {
				"type" : "LineString",
				"coordinates" : [
					[ 5.1700329, 52.0672415 ],
					[ 5.1700323, 52.0673086 ],
					[ 5.1700008, 52.0675296 ],
					[ 5.1699797, 52.06757 ],
					[ 5.1699528, 52.0677136 ],
					[ 5.1699236, 52.0678161 ],
					[ 5.1698433, 52.0678736 ],
					[ 5.1696303, 52.0679164 ]
				]
			},
			"properties" : {}
		},
		{
			"type" : "Feature",
			"geometry" : {
				"type" : "LineString",
				"coordinates" : [
					[ 5.1700875, 52.075178 ],
					[ 5.1700206, 52.0751021 ],
					[ 5.1699545, 52.0750224 ]
				]
			},
			"properties" : {}
		},
		{
			"type" : "Feature",
			"geometry" : {
				"type" : "LineString",
				"coordinates" : [
					[ 5.163479, 52.0684996 ],
					[ 5.1635297, 52.0684271 ],
					[ 5.1635533, 52.0683476 ],
					[ 5.1635475, 52.0682055 ],
					[ 5.1634819, 52.0680711 ],
					[ 5.1633891, 52.0679574 ],
					[ 5.1633694, 52.0678699 ],
					[ 5.1633557, 52.0677339 ],
					[ 5.1633324, 52.0671712 ],
					[ 5.1633203, 52.0671288 ],
					[ 5.1632984, 52.0670918 ],
					[ 5.1632386, 52.0670527 ],
					[ 5.1631421, 52.0670144 ],
					[ 5.1630355, 52.0669819 ],
					[ 5.1629374, 52.0669676 ],
					[ 5.1628477, 52.0669927 ],
					[ 5.1626938, 52.0670575 ],
					[ 5.1624116, 52.0671704 ],
					[ 5.1618908, 52.0673754 ],
					[ 5.1614477, 52.0675515 ],
					[ 5.1609884, 52.0677342 ],
					[ 5.160602, 52.0678902 ],
					[ 5.1604472, 52.0679748 ],
					[ 5.1603777, 52.0680281 ],
					[ 5.1600703, 52.0684304 ],
					[ 5.1597643, 52.0688428 ],
					[ 5.1594925, 52.0691848 ],
					[ 5.1594396, 52.0692757 ],
					[ 5.1589477, 52.06992 ]
				]
			},
			"properties" : {}
		},
		{
			"type" : "Feature",
			"geometry" : {
				"type" : "LineString",
				"coordinates" : [
					[ 5.1589477, 52.06992 ],
					[ 5.1588646, 52.0698763 ],
					[ 5.1588193, 52.0698614 ],
					[ 5.1587634, 52.06985 ],
					[ 5.1587134, 52.0698503 ],
					[ 5.1586588, 52.0698576 ],
					[ 5.1584472, 52.0699361 ],
					[ 5.158327, 52.0699718 ],
					[ 5.1582131, 52.0700092 ],
					[ 5.1581373, 52.070027 ],
					[ 5.1579747, 52.0699966 ]
				]
			},
			"properties" : {}
		},
		{
			"type" : "Feature",
			"geometry" : {
				"type" : "LineString",
				"coordinates" : [
					[ 5.1555252, 52.0714096 ],
					[ 5.1553844, 52.0714064 ]
				]
			},
			"properties" : {}
		},
		{
			"type" : "Feature",
			"geometry" : {
				"type" : "LineString",
				"coordinates" : [
					[ 5.1553844, 52.0714064 ],
					[ 5.1554083, 52.0713047 ],
					[ 5.1555077, 52.0710998 ],
					[ 5.155549, 52.0710107 ],
					[ 5.1555592, 52.0709466 ],
					[ 5.1555389, 52.0707672 ],
					[ 5.1555373, 52.0706329 ],
					[ 5.1555356, 52.0705402 ],
					[ 5.1555485, 52.0704757 ],
					[ 5.1555844, 52.0703936 ],
					[ 5.155753, 52.0702386 ],
					[ 5.1558403, 52.0701168 ],
					[ 5.1559136, 52.0699808 ],
					[ 5.1559525, 52.0697872 ],
					[ 5.1559847, 52.0696099 ],
					[ 5.1560572, 52.0694151 ],
					[ 5.1561159, 52.0692164 ],
					[ 5.1561546, 52.069152 ],
					[ 5.1562074, 52.0690417 ],
					[ 5.156243, 52.0690275 ],
					[ 5.1562692, 52.0690146 ],
					[ 5.1562801, 52.0690063 ],
					[ 5.156263, 52.068998 ],
					[ 5.1563535, 52.0689024 ],
					[ 5.156558, 52.0686722 ],
					[ 5.1569912, 52.0683302 ],
					[ 5.1572384, 52.0681598 ],
					[ 5.1574836, 52.0679992 ],
					[ 5.1576015, 52.0679296 ],
					[ 5.1581826, 52.0676391 ],
					[ 5.1587098, 52.067356 ],
					[ 5.1591463, 52.06724 ],
					[ 5.159405, 52.0671619 ],
					[ 5.1596061, 52.0670899 ],
					[ 5.159887, 52.0670181 ],
					[ 5.1600789, 52.06697 ]
				]
			},
			"properties" : {}
		},
		{
			"type" : "Feature",
			"geometry" : {
				"type" : "LineString",
				"coordinates" : [
					[ 5.1846016, 52.0736911 ],
					[ 5.1843308, 52.073815 ]
				]
			},
			"properties" : {}
		},
		{
			"type" : "Feature",
			"geometry" : {
				"type" : "LineString",
				"coordinates" : [
					[ 5.1843308, 52.073815 ],
					[ 5.1841326, 52.0739201 ],
					[ 5.1840581, 52.0740027 ],
					[ 5.1839186, 52.0741966 ],
					[ 5.1837179, 52.0743712 ]
				]
			},
			"properties" : {}
		},
		{
			"type" : "Feature",
			"geometry" : {
				"type" : "LineString",
				"coordinates" : [
					[ 5.1734646, 52.067962 ],
					[ 5.1735553, 52.0679104 ],
					[ 5.1737693, 52.0678782 ],
					[ 5.1740338, 52.067846 ],
					[ 5.1741225, 52.0678293 ],
					[ 5.1741965, 52.0678252 ],
					[ 5.1742972, 52.0678271 ],
					[ 5.1744084, 52.0678401 ],
					[ 5.1747685, 52.0678987 ],
					[ 5.1751375, 52.0679591 ],
					[ 5.1752461, 52.0679804 ],
					[ 5.175346, 52.0680029 ],
					[ 5.1754586, 52.0680283 ],
					[ 5.175588, 52.0680651 ],
					[ 5.1757621, 52.0681242 ],
					[ 5.1762303, 52.068281 ],
					[ 5.1762725, 52.0682918 ],
					[ 5.1766609, 52.0684591 ],
					[ 5.1767379, 52.0684925 ]
				]
			},
			"properties" : {}
		},
		{
			"type" : "Feature",
			"geometry" : {
				"type" : "LineString",
				"coordinates" : [
					[ 5.1767974, 52.0685129 ],
					[ 5.1768801, 52.0685484 ],
					[ 5.1770369, 52.0685813 ],
					[ 5.1772251, 52.0685676 ],
					[ 5.1773474, 52.0685527 ],
					[ 5.1774332, 52.0685568 ],
					[ 5.1775043, 52.0685865 ],
					[ 5.1775605, 52.0686401 ]
				]
			},
			"properties" : {}
		},
		{
			"type" : "Feature",
			"geometry" : {
				"type" : "LineString",
				"coordinates" : [
					[ 5.1765751, 52.0693811 ],
					[ 5.1765408, 52.069407 ],
					[ 5.1763092, 52.0695819 ],
					[ 5.1761626, 52.0696927 ],
					[ 5.1761137, 52.0697297 ],
					[ 5.17571, 52.0700347 ],
					[ 5.1756724, 52.0700631 ]
				]
			},
			"properties" : {}
		},
		{
			"type" : "Feature",
			"geometry" : {
				"type" : "LineString",
				"coordinates" : [
					[ 5.1736304, 52.0706107 ],
					[ 5.1738381, 52.0719957 ],
					[ 5.1738807, 52.0722799 ],
					[ 5.1738965, 52.072315 ],
					[ 5.1739389, 52.0723454 ],
					[ 5.1744437, 52.0726091 ]
				]
			},
			"properties" : {}
		},
		{
			"type" : "Feature",
			"geometry" : {
				"type" : "LineString",
				"coordinates" : [
					[ 5.1670395, 52.0765911 ],
					[ 5.1670757, 52.076616 ]
				]
			},
			"properties" : {}
		},
		{
			"type" : "Feature",
			"geometry" : {
				"type" : "LineString",
				"coordinates" : [
					[ 5.1590899, 52.0766001 ],
					[ 5.1592794, 52.0767405 ],
					[ 5.1596706, 52.0770041 ],
					[ 5.1598374, 52.077121 ],
					[ 5.1599775, 52.0772366 ],
					[ 5.1601812, 52.0774141 ],
					[ 5.1602773, 52.0774971 ],
					[ 5.1605727, 52.0777632 ],
					[ 5.1607274, 52.0779056 ],
					[ 5.1608137, 52.0779885 ],
					[ 5.1608702, 52.0780544 ],
					[ 5.1609665, 52.0781862 ],
					[ 5.1610669, 52.0783477 ],
					[ 5.1611193, 52.0784572 ],
					[ 5.1611514, 52.0785348 ],
					[ 5.1611832, 52.078632 ],
					[ 5.1612122, 52.0787548 ],
					[ 5.1612285, 52.0788959 ],
					[ 5.1612282, 52.079049 ],
					[ 5.1612078, 52.0792001 ],
					[ 5.1611696, 52.079404 ],
					[ 5.1611665, 52.0794677 ],
					[ 5.1611745, 52.0795125 ],
					[ 5.1611099, 52.0797472 ],
					[ 5.1610773, 52.0798295 ],
					[ 5.1610622, 52.0798701 ],
					[ 5.1610184, 52.0799296 ],
					[ 5.1609348, 52.0800207 ],
					[ 5.1608604, 52.0800968 ],
					[ 5.1607802, 52.0801664 ],
					[ 5.1606944, 52.0802377 ],
					[ 5.1606019, 52.080302 ],
					[ 5.1605041717, 52.0803649917 ]
				]
			},
			"properties" : {}
		},
		{
			"type" : "Feature",
			"geometry" : {
				"type" : "LineString",
				"coordinates" : [
					[ 5.1516393, 52.0695162 ],
					[ 5.1516979, 52.0695165 ],
					[ 5.1517441, 52.0694991 ],
					[ 5.151845, 52.0694278 ],
					[ 5.1519468, 52.0693588 ],
					[ 5.1520468, 52.0693026 ],
					[ 5.1522684, 52.0691843 ],
					[ 5.1524486, 52.0691014 ],
					[ 5.1526433, 52.0690249 ],
					[ 5.1529071, 52.0689124 ],
					[ 5.1529646, 52.0688961 ],
					[ 5.1530235, 52.0688861 ],
					[ 5.1532538, 52.0688833 ],
					[ 5.1542438, 52.068929 ]
				]
			},
			"properties" : {}
		},
		{
			"type" : "Feature",
			"geometry" : {
				"type" : "LineString",
				"coordinates" : [
					[ 5.1642199, 52.070642 ],
					[ 5.164232, 52.0706969 ],
					[ 5.1642421, 52.0707431 ],
					[ 5.1642535, 52.070835 ],
					[ 5.1642749, 52.0710032 ],
					[ 5.1643192, 52.0713609 ],
					[ 5.1644067, 52.0720179 ],
					[ 5.1645863, 52.0733874 ],
					[ 5.1647305, 52.0744676 ],
					[ 5.1647879, 52.0749798 ],
					[ 5.1648101, 52.0751743 ],
					[ 5.1649113, 52.0759208 ],
					[ 5.1649897, 52.0764028 ],
					[ 5.1651011, 52.0771462 ],
					[ 5.1651423, 52.0772117 ],
					[ 5.1651823, 52.0773595 ]
				]
			},
			"properties" : {}
		},
		{
			"type" : "Feature",
			"geometry" : {
				"type" : "LineString",
				"coordinates" : [
					[ 5.1670757, 52.076616 ],
					[ 5.1671335, 52.0766474 ]
				]
			},
			"properties" : {}
		},
		{
			"type" : "Feature",
			"geometry" : {
				"type" : "LineString",
				"coordinates" : [
					[ 5.1708478, 52.0782477 ],
					[ 5.17089, 52.0781343 ],
					[ 5.1709099, 52.0780208 ],
					[ 5.1709204, 52.0779194 ],
					[ 5.1709224, 52.0777234 ],
					[ 5.1709157, 52.0775481 ],
					[ 5.1708454, 52.0774083 ],
					[ 5.1707288, 52.0772373 ],
					[ 5.170679, 52.0771791 ],
					[ 5.1704915, 52.0769605 ],
					[ 5.1704044, 52.0768725 ],
					[ 5.1703298, 52.0768091 ],
					[ 5.1702144, 52.0766803 ],
					[ 5.1701696, 52.0766156 ],
					[ 5.1701449, 52.0765678 ],
					[ 5.1701055, 52.0764231 ],
					[ 5.1701061, 52.076309 ],
					[ 5.1701253, 52.0762051 ],
					[ 5.1701334, 52.0760873 ],
					[ 5.170119, 52.0760718 ]
				]
			},
			"properties" : {}
		},
		{
			"type" : "Feature",
			"geometry" : {
				"type" : "LineString",
				"coordinates" : [
					[ 5.1721253, 52.0744673 ],
					[ 5.1721192, 52.0744187 ],
					[ 5.1719752, 52.0742315 ]
				]
			},
			"properties" : {}
		},
		{
			"type" : "Feature",
			"geometry" : {
				"type" : "LineString",
				"coordinates" : [
					[ 5.1516393, 52.0695162 ],
					[ 5.1516328, 52.0695647 ],
					[ 5.1516013, 52.0696066 ],
					[ 5.1515775, 52.0696403 ],
					[ 5.1515667, 52.0696651 ]
				]
			},
			"properties" : {}
		},
		{
			"type" : "Feature",
			"geometry" : {
				"type" : "LineString",
				"coordinates" : [
					[ 5.1778712, 52.0684075 ],
					[ 5.1778913, 52.0684337 ],
					[ 5.1779031, 52.0684497 ]
				]
			},
			"properties" : {}
		},
		{
			"type" : "Feature",
			"geometry" : {
				"type" : "LineString",
				"coordinates" : [
					[ 5.1523664, 52.0711361 ],
					[ 5.1523685, 52.0711936 ],
					[ 5.1524996, 52.071411 ],
					[ 5.1527805, 52.0719034 ],
					[ 5.1530963, 52.0724557 ],
					[ 5.153224, 52.0726938 ],
					[ 5.1532787, 52.0727541 ],
					[ 5.1533701, 52.0728134 ],
					[ 5.1534843, 52.0728561 ],
					[ 5.1535915, 52.0728878 ],
					[ 5.1537308, 52.0728947 ],
					[ 5.1538709, 52.0728787 ],
					[ 5.1544072, 52.0727464 ],
					[ 5.1548529, 52.0726248 ],
					[ 5.1555585, 52.0724439 ],
					[ 5.1556509, 52.0724277 ],
					[ 5.1557406, 52.0723941 ],
					[ 5.1557877, 52.0723593 ],
					[ 5.1558071, 52.0722999 ]
				]
			},
			"properties" : {}
		},
		{
			"type" : "Feature",
			"geometry" : {
				"type" : "LineString",
				"coordinates" : [
					[ 5.1717817, 52.0684405 ],
					[ 5.1718719, 52.0693176 ],
					[ 5.1719163, 52.0696055 ],
					[ 5.171971, 52.070057 ],
					[ 5.1719684, 52.070086 ],
					[ 5.1719336, 52.0701237 ],
					[ 5.1718393, 52.0701494 ],
					[ 5.1714182, 52.0702307 ],
					[ 5.1710225, 52.0703012 ],
					[ 5.1697624, 52.0705471 ]
				]
			},
			"properties" : {}
		},
		{
			"type" : "Feature",
			"geometry" : {
				"type" : "LineString",
				"coordinates" : [
					[ 5.1640131, 52.0684821 ],
					[ 5.1641022, 52.0685249 ],
					[ 5.1642011, 52.0685542 ],
					[ 5.1643029, 52.068597 ],
					[ 5.1643346, 52.0686189 ],
					[ 5.1645411, 52.0686477 ],
					[ 5.1646518, 52.068677 ],
					[ 5.164748, 52.0687136 ],
					[ 5.1648242, 52.0687513 ],
					[ 5.164988, 52.068813 ],
					[ 5.1650411, 52.0688303 ],
					[ 5.1651059, 52.0688298 ],
					[ 5.1651849, 52.0688019 ],
					[ 5.1654248, 52.0687723 ],
					[ 5.1655124, 52.0687767 ],
					[ 5.1656039, 52.0687848 ],
					[ 5.1657118, 52.0688055 ],
					[ 5.165758, 52.0688253 ],
					[ 5.1658534, 52.0688573 ],
					[ 5.1659269, 52.0688712 ],
					[ 5.1659989, 52.0688746 ],
					[ 5.1660507, 52.0688699 ],
					[ 5.1660935, 52.0688602 ],
					[ 5.1661273, 52.0688478 ],
					[ 5.1662141, 52.0687931 ],
					[ 5.1662939, 52.0687321 ],
					[ 5.1663329, 52.0686937 ],
					[ 5.1663764, 52.0686265 ]
				]
			},
			"properties" : {}
		},
		{
			"type" : "Feature",
			"geometry" : {
				"type" : "LineString",
				"coordinates" : [
					[ 5.1638082, 52.0684958 ],
					[ 5.1638954, 52.0684889 ]
				]
			},
			"properties" : {}
		},
		{
			"type" : "Feature",
			"geometry" : {
				"type" : "LineString",
				"coordinates" : [
					[ 5.1642199, 52.070642 ],
					[ 5.1642273, 52.0705947 ],
					[ 5.164214, 52.0705313 ],
					[ 5.1642166, 52.0704995 ],
					[ 5.1642293, 52.0704822 ],
					[ 5.1642587, 52.0704574 ],
					[ 5.1643611, 52.0703842 ],
					[ 5.1644436, 52.0703176 ],
					[ 5.1644598, 52.0702883 ],
					[ 5.1644701, 52.0702413 ],
					[ 5.1644611, 52.0702194 ],
					[ 5.1643624, 52.0701321 ],
					[ 5.1642782, 52.0700772 ],
					[ 5.1642203, 52.0700285 ],
					[ 5.1641881, 52.0699827 ],
					[ 5.1641871, 52.0699443 ],
					[ 5.1641977, 52.0698815 ],
					[ 5.16427, 52.0698055 ],
					[ 5.164357, 52.069746 ],
					[ 5.1643683, 52.0697021 ],
					[ 5.1643634, 52.0696693 ],
					[ 5.1643502, 52.0696046 ],
					[ 5.1642148, 52.0694992 ],
					[ 5.1641371, 52.0694086 ],
					[ 5.1641305, 52.0693107 ],
					[ 5.1641472, 52.0692415 ],
					[ 5.1642029, 52.0691655 ],
					[ 5.1642013, 52.0690956 ],
					[ 5.1641527, 52.0690418 ],
					[ 5.1640932, 52.068981 ],
					[ 5.1640542, 52.0689362 ],
					[ 5.1640449, 52.0689059 ],
					[ 5.1640572, 52.068809 ],
					[ 5.1640775, 52.0687341 ],
					[ 5.1640555, 52.0686853 ],
					[ 5.1640391, 52.0685396 ],
					[ 5.1640131, 52.0684821 ]
				]
			},
			"properties" : {}
		},
		{
			"type" : "Feature",
			"geometry" : {
				"type" : "LineString",
				"coordinates" : [
					[ 5.164018, 52.0683474 ],
					[ 5.164027, 52.068418 ]
				]
			},
			"properties" : {}
		},
		{
			"type" : "Feature",
			"geometry" : {
				"type" : "LineString",
				"coordinates" : [
					[ 5.164032, 52.0682824 ],
					[ 5.1639855, 52.0682129 ],
					[ 5.1639391, 52.0681227 ],
					[ 5.1639338, 52.0680409 ],
					[ 5.1639841, 52.0678514 ],
					[ 5.163958, 52.0677608 ],
					[ 5.1639738, 52.0676914 ],
					[ 5.1640672, 52.0676588 ],
					[ 5.1642454, 52.0676468 ],
					[ 5.1643334, 52.0676605 ],
					[ 5.1644161, 52.0677147 ],
					[ 5.1645024, 52.0677882 ],
					[ 5.1645833, 52.0678753 ],
					[ 5.1646251, 52.0679219 ],
					[ 5.1646473, 52.0679556 ]
				]
			},
			"properties" : {}
		},
		{
			"type" : "Feature",
			"geometry" : {
				"type" : "LineString",
				"coordinates" : [
					[ 5.1648652, 52.0680241 ],
					[ 5.1648396, 52.0680177 ]
				]
			},
			"properties" : {}
		},
		{
			"type" : "Feature",
			"geometry" : {
				"type" : "LineString",
				"coordinates" : [
					[ 5.1659094, 52.0676483 ],
					[ 5.1658745, 52.0675665 ]
				]
			},
			"properties" : {}
		},
		{
			"type" : "Feature",
			"geometry" : {
				"type" : "LineString",
				"coordinates" : [
					[ 5.1657748, 52.0673327 ],
					[ 5.1657519, 52.0672781 ],
					[ 5.1656924, 52.0669892 ],
					[ 5.1657087, 52.0669394 ],
					[ 5.1657734, 52.0668844 ],
					[ 5.1658159, 52.0668659 ],
					[ 5.1658641, 52.0668527 ],
					[ 5.1659849, 52.0668457 ],
					[ 5.166218, 52.0668757 ],
					[ 5.1672712, 52.0670059 ],
					[ 5.1673185, 52.0670497 ],
					[ 5.1673027, 52.0674203 ],
					[ 5.1672922, 52.0676591 ],
					[ 5.1672687, 52.0679 ],
					[ 5.1672795, 52.0679643 ],
					[ 5.1672551, 52.0679853 ],
					[ 5.1672313, 52.0680581 ],
					[ 5.1671854, 52.0681182 ],
					[ 5.1670962, 52.0681501 ],
					[ 5.167013, 52.0681762 ],
					[ 5.1669474, 52.0682058 ],
					[ 5.1669119, 52.0682308 ],
					[ 5.1668941, 52.0682974 ],
					[ 5.1669169, 52.0683355 ],
					[ 5.166916, 52.0683801 ],
					[ 5.1668934, 52.0684419 ],
					[ 5.1668914, 52.0685129 ],
					[ 5.1668704, 52.0685631 ],
					[ 5.1668017, 52.0686008 ],
					[ 5.1667414, 52.0686463 ]
				]
			},
			"properties" : {}
		},
		{
			"type" : "Feature",
			"geometry" : {
				"type" : "LineString",
				"coordinates" : [
					[ 5.1684499, 52.0680774 ],
					[ 5.1685137, 52.0677673 ]
				]
			},
			"properties" : {}
		},
		{
			"type" : "Feature",
			"geometry" : {
				"type" : "LineString",
				"coordinates" : [
					[ 5.1648855, 52.0680311 ],
					[ 5.1649116, 52.0680421 ],
					[ 5.1649738, 52.0680764 ]
				]
			},
			"properties" : {}
		},
		{
			"type" : "Feature",
			"geometry" : {
				"type" : "LineString",
				"coordinates" : [
					[ 5.1655579, 52.0682715 ],
					[ 5.165414, 52.0682553 ],
					[ 5.1652496, 52.0682284 ],
					[ 5.1651975, 52.0682151 ],
					[ 5.1651595, 52.0682014 ],
					[ 5.1651393, 52.0682082 ],
					[ 5.165091, 52.0681885 ],
					[ 5.1650471, 52.0681661 ],
					[ 5.1650161, 52.0681422 ],
					[ 5.1649938, 52.0681213 ],
					[ 5.1649626, 52.0680816 ],
					[ 5.1649738, 52.0680764 ],
					[ 5.1649934, 52.0680665 ],
					[ 5.1650173, 52.0680778 ],
					[ 5.1650508, 52.0680822 ],
					[ 5.1650757, 52.0680795 ],
					[ 5.1651004, 52.0680723 ],
					[ 5.1651507, 52.0680482 ],
					[ 5.1651669, 52.0680546 ],
					[ 5.165224, 52.0680153 ],
					[ 5.1652637, 52.0679715 ],
					[ 5.1652759, 52.0679486 ],
					[ 5.1653159, 52.0678609 ]
				]
			},
			"properties" : {}
		},
		{
			"type" : "Feature",
			"geometry" : {
				"type" : "LineString",
				"coordinates" : [
					[ 5.1649599, 52.0678811 ],
					[ 5.1650099, 52.0678886 ],
					[ 5.1651037, 52.0678947 ],
					[ 5.1652683, 52.0678741 ],
					[ 5.1653159, 52.0678609 ],
					[ 5.1654108, 52.0677768 ],
					[ 5.1655033, 52.0677037 ],
					[ 5.1655612, 52.0676378 ]
				]
			},
			"properties" : {}
		},
		{
			"type" : "Feature",
			"geometry" : {
				"type" : "LineString",
				"coordinates" : [
					[ 5.1681898, 52.0708534 ],
					[ 5.1682119, 52.0709759 ],
					[ 5.1682402, 52.0711498 ],
					[ 5.1682321, 52.0711703 ],
					[ 5.1678758, 52.0712314 ],
					[ 5.1671498, 52.0713313 ],
					[ 5.1671096, 52.0713302 ],
					[ 5.1670642, 52.0713147 ],
					[ 5.1669152, 52.0704604 ],
					[ 5.1668866, 52.0703327 ],
					[ 5.1669152, 52.0702706 ],
					[ 5.1676727, 52.0698383 ]
				]
			},
			"properties" : {}
		},
		{
			"type" : "Feature",
			"geometry" : {
				"type" : "LineString",
				"coordinates" : [
					[ 5.1717951, 52.0683425 ],
					[ 5.1717817, 52.0684405 ],
					[ 5.1715674, 52.0684952 ],
					[ 5.171437, 52.0685215 ],
					[ 5.1713737, 52.0685544 ],
					[ 5.1710348, 52.0686414 ],
					[ 5.1703467, 52.0689433 ],
					[ 5.1697361, 52.0692285 ],
					[ 5.1696932, 52.0692349 ]
				]
			},
			"properties" : {}
		},
		{
			"type" : "Feature",
			"geometry" : {
				"type" : "LineString",
				"coordinates" : [
					[ 5.1718719, 52.0693176 ],
					[ 5.1717496, 52.0693342 ],
					[ 5.1717158, 52.0693916 ],
					[ 5.1716283, 52.0694612 ],
					[ 5.1714856, 52.0695769 ],
					[ 5.1714111, 52.0697088 ],
					[ 5.1713706, 52.0697409 ],
					[ 5.1712425, 52.0697461 ],
					[ 5.1711531, 52.0697603 ],
					[ 5.1710428, 52.0697961 ],
					[ 5.1710096, 52.0698781 ],
					[ 5.1710181, 52.070202 ],
					[ 5.1710225, 52.0703012 ]
				]
			},
			"properties" : {}
		},
		{
			"type" : "Feature",
			"geometry" : {
				"type" : "LineString",
				"coordinates" : [
					[ 5.1696292, 52.0681735 ],
					[ 5.1709225, 52.0682673 ],
					[ 5.1717951, 52.0683425 ]
				]
			},
			"properties" : {}
		},
		{
			"type" : "Feature",
			"geometry" : {
				"type" : "LineString",
				"coordinates" : [
					[ 5.1692092, 52.0683496 ],
					[ 5.1691259, 52.0683366 ],
					[ 5.1689355, 52.0682902 ],
					[ 5.1686671, 52.068271 ],
					[ 5.1686067, 52.0682821 ],
					[ 5.1685081, 52.0683242 ],
					[ 5.1683642, 52.0683626 ],
					[ 5.1682763, 52.0683826 ],
					[ 5.1681577, 52.0683827 ],
					[ 5.1681246, 52.0683302 ],
					[ 5.168042, 52.0682987 ],
					[ 5.1679004, 52.0682594 ],
					[ 5.1678407, 52.068229 ],
					[ 5.167745, 52.0681389 ],
					[ 5.1676238, 52.0680771 ],
					[ 5.1675176, 52.0680436 ],
					[ 5.1674796, 52.0680073 ]
				]
			},
			"properties" : {}
		},
		{
			"type" : "Feature",
			"geometry" : {
				"type" : "LineString",
				"coordinates" : [
					[ 5.1734646, 52.067962 ],
					[ 5.1741344, 52.0682468 ],
					[ 5.1748415, 52.0685696 ],
					[ 5.1755674, 52.0688901 ]
				]
			},
			"properties" : {}
		},
		{
			"type" : "Feature",
			"geometry" : {
				"type" : "LineString",
				"coordinates" : [
					[ 5.1762303, 52.068281 ],
					[ 5.1761793, 52.0683285 ],
					[ 5.1757515, 52.0687192 ],
					[ 5.1755674, 52.0688901 ]
				]
			},
			"properties" : {}
		},
		{
			"type" : "Feature",
			"geometry" : {
				"type" : "LineString",
				"coordinates" : [
					[ 5.1572371, 52.0710521 ],
					[ 5.1573157, 52.0709136 ],
					[ 5.1573336, 52.0707919 ],
					[ 5.1573706, 52.0707188 ],
					[ 5.1574469, 52.0706676 ],
					[ 5.1575818, 52.0706254 ],
					[ 5.1580118, 52.0705909 ]
				]
			},
			"properties" : {}
		},
		{
			"type" : "Feature",
			"geometry" : {
				"type" : "LineString",
				"coordinates" : [
					[ 5.1579747, 52.0699966 ],
					[ 5.15799, 52.0699448 ],
					[ 5.1579828, 52.0698241 ]
				]
			},
			"properties" : {}
		},
		{
			"type" : "Feature",
			"geometry" : {
				"type" : "LineString",
				"coordinates" : [
					[ 5.1663764, 52.0686265 ],
					[ 5.1664462, 52.0686148 ],
					[ 5.1665872, 52.0686086 ],
					[ 5.1666934, 52.0686304 ],
					[ 5.1667414, 52.0686463 ],
					[ 5.1668024, 52.0686951 ],
					[ 5.1668688, 52.0687311 ],
					[ 5.1669381, 52.0687487 ],
					[ 5.1669854, 52.0687552 ],
					[ 5.1670312, 52.0687587 ],
					[ 5.1670837, 52.0687362 ],
					[ 5.1671803, 52.068699 ],
					[ 5.1672486, 52.0686731 ],
					[ 5.1673083, 52.0686811 ],
					[ 5.1673576, 52.0687119 ],
					[ 5.1673838, 52.0687674 ],
					[ 5.1674209, 52.0687962 ],
					[ 5.1674707, 52.0688077 ],
					[ 5.167538, 52.0688239 ]
				]
			},
			"properties" : {}
		},
		{
			"type" : "Feature",
			"geometry" : {
				"type" : "LineString",
				"coordinates" : [
					[ 5.1658745, 52.0675665 ],
					[ 5.1658165, 52.0674383 ]
				]
			},
			"properties" : {}
		},
		{
			"type" : "Feature",
			"geometry" : {
				"type" : "LineString",
				"coordinates" : [
					[ 5.1577589, 52.0710789 ],
					[ 5.1580628, 52.0710911 ],
					[ 5.1582535, 52.0711023 ],
					[ 5.1583364, 52.0711159 ],
					[ 5.1584049, 52.0711569 ],
					[ 5.1584455, 52.0712132 ]
				]
			},
			"properties" : {}
		},
		{
			"type" : "Feature",
			"geometry" : {
				"type" : "LineString",
				"coordinates" : [
					[ 5.1658165, 52.0674383 ],
					[ 5.1657748, 52.0673327 ],
					[ 5.1657971, 52.0672894 ],
					[ 5.1658578, 52.0672541 ],
					[ 5.1659928, 52.0672328 ],
					[ 5.1661268, 52.0672262 ],
					[ 5.1663575, 52.0672481 ],
					[ 5.1668242, 52.0673029 ],
					[ 5.1671271, 52.0673432 ],
					[ 5.1672445, 52.067378 ],
					[ 5.1673027, 52.0674203 ]
				]
			},
			"properties" : {}
		},
		{
			"type" : "Feature",
			"geometry" : {
				"type" : "LineString",
				"coordinates" : [
					[ 5.1675775, 52.0691185 ],
					[ 5.1676162, 52.069154 ],
					[ 5.1679056, 52.0692297 ],
					[ 5.1680474, 52.0692607 ],
					[ 5.1682413, 52.0692795 ],
					[ 5.1683521, 52.0692826 ],
					[ 5.168516, 52.0692282 ],
					[ 5.1685704, 52.069204 ],
					[ 5.1686449, 52.069244 ],
					[ 5.1688364, 52.0693248 ],
					[ 5.1689718, 52.0693693 ],
					[ 5.1692173, 52.06945 ]
				]
			},
			"properties" : {}
		},
		{
			"type" : "Feature",
			"geometry" : {
				"type" : "LineString",
				"coordinates" : [
					[ 5.1677135, 52.0701104 ],
					[ 5.1677394, 52.0701595 ],
					[ 5.1677639, 52.0701674 ],
					[ 5.1680565, 52.0701727 ],
					[ 5.1681488, 52.0701597 ],
					[ 5.1682555, 52.0701264 ],
					[ 5.1685559, 52.0701005 ],
					[ 5.1687962, 52.0700545 ],
					[ 5.1689068, 52.0700487 ],
					[ 5.1689579, 52.0700884 ],
					[ 5.1689851, 52.0701816 ],
					[ 5.169057, 52.0702788 ],
					[ 5.1691786, 52.070371 ],
					[ 5.1693296, 52.0704657 ],
					[ 5.1695649, 52.0705354 ],
					[ 5.1696007, 52.0705778 ]
				]
			},
			"properties" : {}
		},
		{
			"type" : "Feature",
			"geometry" : {
				"type" : "LineString",
				"coordinates" : [
					[ 5.1696303, 52.0679164 ],
					[ 5.1695641, 52.0679062 ],
					[ 5.169491, 52.0678787 ]
				]
			},
			"properties" : {}
		},
		{
			"type" : "Feature",
			"geometry" : {
				"type" : "LineString",
				"coordinates" : [
					[ 5.1767656, 52.0692369 ],
					[ 5.1768622, 52.0692838 ],
					[ 5.177054, 52.0693543 ],
					[ 5.1772372, 52.0693819 ],
					[ 5.1773352, 52.0694069 ],
					[ 5.1774588, 52.0694734 ],
					[ 5.1775184, 52.0695087 ],
					[ 5.1775907, 52.0695676 ],
					[ 5.1776336, 52.0696061 ],
					[ 5.1776429, 52.0696755 ],
					[ 5.1775973, 52.0697099 ],
					[ 5.1775614, 52.0697581 ],
					[ 5.1775739, 52.069887 ]
				]
			},
			"properties" : {}
		},
		{
			"type" : "Feature",
			"geometry" : {
				"type" : "LineString",
				"coordinates" : [
					[ 5.17567, 52.0689419 ],
					[ 5.1756093, 52.0690004 ],
					[ 5.1756179, 52.0692262 ],
					[ 5.1756378, 52.0695042 ],
					[ 5.1756777, 52.0699649 ],
					[ 5.17571, 52.0700347 ]
				]
			},
			"properties" : {}
		},
		{
			"type" : "Feature",
			"geometry" : {
				"type" : "LineString",
				"coordinates" : [
					[ 5.1756724, 52.0700631 ],
					[ 5.1758279, 52.0700391 ],
					[ 5.1762544, 52.070016 ],
					[ 5.17663, 52.0700036 ],
					[ 5.1769648, 52.0699901 ],
					[ 5.1770456, 52.0699723 ],
					[ 5.1771269, 52.0699657 ],
					[ 5.1776894, 52.069963 ]
				]
			},
			"properties" : {}
		},
		{
			"type" : "Feature",
			"geometry" : {
				"type" : "LineString",
				"coordinates" : [
					[ 5.1766781, 52.0706037 ],
					[ 5.1766958, 52.0705906 ],
					[ 5.1767231, 52.0705469 ],
					[ 5.1767009, 52.0703762 ],
					[ 5.1766775, 52.0702428 ],
					[ 5.17663, 52.0700036 ],
					[ 5.1766201, 52.0698631 ],
					[ 5.1765803, 52.0696986 ],
					[ 5.1765577, 52.0696824 ],
					[ 5.1764541, 52.0696605 ],
					[ 5.1763092, 52.0695819 ]
				]
			},
			"properties" : {}
		},
		{
			"type" : "Feature",
			"geometry" : {
				"type" : "LineString",
				"coordinates" : [
					[ 5.1713813, 52.0785972 ],
					[ 5.1714319, 52.0785743 ],
					[ 5.1714595, 52.0785408 ],
					[ 5.1714725, 52.0784686 ],
					[ 5.171467, 52.0783754 ],
					[ 5.1710722, 52.0770299 ],
					[ 5.1705818, 52.0756993 ]
				]
			},
			"properties" : {}
		},
		{
			"type" : "Feature",
			"geometry" : {
				"type" : "LineString",
				"coordinates" : [
					[ 5.171271, 52.0751629 ],
					[ 5.1711591, 52.075154 ],
					[ 5.1710586, 52.0751654 ],
					[ 5.1705748, 52.0753924 ],
					[ 5.1704478, 52.0754509 ],
					[ 5.1703789, 52.0754532 ],
					[ 5.1701623, 52.0754649 ]
				]
			},
			"properties" : {}
		},
		{
			"type" : "Feature",
			"geometry" : {
				"type" : "LineString",
				"coordinates" : [
					[ 5.168488, 52.076408 ],
					[ 5.168737, 52.0765358 ],
					[ 5.1689744, 52.076623 ],
					[ 5.1692877, 52.0767475 ]
				]
			},
			"properties" : {}
		},
		{
			"type" : "Feature",
			"geometry" : {
				"type" : "LineString",
				"coordinates" : [
					[ 5.170119, 52.0760718 ],
					[ 5.1700815, 52.0759884 ],
					[ 5.1700002, 52.0758898 ],
					[ 5.1699291, 52.0758506 ],
					[ 5.1698575, 52.0758318 ],
					[ 5.1697273, 52.0758358 ],
					[ 5.1695934, 52.0757728 ],
					[ 5.1695193, 52.0757472 ]
				]
			},
			"properties" : {}
		},
		{
			"type" : "Feature",
			"geometry" : {
				"type" : "LineString",
				"coordinates" : [
					[ 5.1736433, 52.0641022 ],
					[ 5.1736391, 52.0641395 ],
					[ 5.1736497, 52.0641617 ],
					[ 5.1736972, 52.0641875 ],
					[ 5.1740437, 52.0642975 ],
					[ 5.1743957, 52.0644087 ],
					[ 5.1745636, 52.0644632 ],
					[ 5.1747221, 52.0645316 ],
					[ 5.1747887, 52.0645677 ],
					[ 5.1748249, 52.064603 ],
					[ 5.1749089, 52.0646818 ],
					[ 5.1749513, 52.0647427 ],
					[ 5.1749823, 52.0648225 ],
					[ 5.1750022, 52.0648888 ],
					[ 5.1750048, 52.0649571 ],
					[ 5.1749754, 52.0650761 ],
					[ 5.1749221, 52.0651939 ],
					[ 5.1748353, 52.0653121 ],
					[ 5.1747282, 52.0654812 ],
					[ 5.1747287, 52.0655203 ],
					[ 5.1747665, 52.0655529 ],
					[ 5.1748131, 52.0655847 ],
					[ 5.1748553, 52.0655976 ]
				]
			},
			"properties" : {}
		},
		{
			"type" : "Feature",
			"geometry" : {
				"type" : "LineString",
				"coordinates" : [
					[ 5.1781644, 52.0675026 ],
					[ 5.1780955, 52.0674886 ],
					[ 5.1780104, 52.0674882 ]
				]
			},
			"properties" : {}
		},
		{
			"type" : "Feature",
			"geometry" : {
				"type" : "LineString",
				"coordinates" : [
					[ 5.1779031, 52.0684497 ],
					[ 5.1779381, 52.068442 ],
					[ 5.1779448, 52.06844 ],
					[ 5.1779582, 52.0684323 ],
					[ 5.178114, 52.0683174 ],
					[ 5.1782659, 52.0681847 ],
					[ 5.1782792, 52.068167 ],
					[ 5.1782847, 52.0681261 ],
					[ 5.1782571, 52.0675316 ]
				]
			},
			"properties" : {}
		},
		{
			"type" : "Feature",
			"geometry" : {
				"type" : "LineString",
				"coordinates" : [
					[ 5.1782571, 52.0675316 ],
					[ 5.1781644, 52.0675026 ]
				]
			},
			"properties" : {}
		},
		{
			"type" : "Feature",
			"geometry" : {
				"type" : "LineString",
				"coordinates" : [
					[ 5.1674156, 52.0680032 ],
					[ 5.1674796, 52.0680073 ]
				]
			},
			"properties" : {}
		},
		{
			"type" : "Feature",
			"geometry" : {
				"type" : "LineString",
				"coordinates" : [
					[ 5.1700743, 52.0670332 ],
					[ 5.1700651, 52.067052 ]
				]
			},
			"properties" : {}
		},
		{
			"type" : "Feature",
			"geometry" : {
				"type" : "LineString",
				"coordinates" : [
					[ 5.1694659, 52.064503 ],
					[ 5.1694728, 52.0647165 ],
					[ 5.1695155, 52.0656154 ],
					[ 5.1695263, 52.065788 ],
					[ 5.1695708, 52.0665006 ],
					[ 5.1696103, 52.066562 ],
					[ 5.1696707, 52.0666103 ],
					[ 5.1697346, 52.0666493 ],
					[ 5.1698595, 52.0667038 ],
					[ 5.1700189, 52.06681 ],
					[ 5.1700548, 52.0668587 ],
					[ 5.1700795, 52.066918 ],
					[ 5.170079, 52.0669864 ],
					[ 5.1700743, 52.0670332 ]
				]
			},
			"properties" : {}
		},
		{
			"type" : "Feature",
			"geometry" : {
				"type" : "LineString",
				"coordinates" : [
					[ 5.1736433, 52.0641022 ],
					[ 5.1738195, 52.0640977 ],
					[ 5.1746842, 52.0640329 ],
					[ 5.1749356675, 52.0640219044 ]
				]
			},
			"properties" : {}
		},
		{
			"type" : "Feature",
			"geometry" : {
				"type" : "LineString",
				"coordinates" : [
					[ 5.1782571, 52.0675316 ],
					[ 5.1781911, 52.0659213 ],
					[ 5.1781890816, 52.0658702458 ]
				]
			},
			"properties" : {}
		},
		{
			"type" : "Feature",
			"geometry" : {
				"type" : "LineString",
				"coordinates" : [
					[ 5.1670026, 52.076567 ],
					[ 5.1661895, 52.0769478 ],
					[ 5.1651823, 52.0773595 ]
				]
			},
			"properties" : {}
		},
		{
			"type" : "Feature",
			"geometry" : {
				"type" : "LineString",
				"coordinates" : [
					[ 5.1685794, 52.0773024 ],
					[ 5.1686524, 52.0773392 ],
					[ 5.1691023, 52.0775328 ],
					[ 5.1693872, 52.0776488 ],
					[ 5.1700908, 52.0779468 ],
					[ 5.1708478, 52.0782477 ],
					[ 5.1712602, 52.078417 ],
					[ 5.171309, 52.0784663 ],
					[ 5.1713813, 52.0785972 ],
					[ 5.1713823, 52.0786134 ],
					[ 5.1714125, 52.0786468 ],
					[ 5.171473, 52.0786803 ],
					[ 5.1715724, 52.0787209 ]
				]
			},
			"properties" : {}
		},
		{
			"type" : "Feature",
			"geometry" : {
				"type" : "LineString",
				"coordinates" : [
					[ 5.1779031, 52.0684497 ],
					[ 5.1779074, 52.0684727 ],
					[ 5.1779067, 52.0684884 ],
					[ 5.1779137, 52.0684969 ],
					[ 5.1779185, 52.0684983 ],
					[ 5.1779318, 52.0684923 ],
					[ 5.1779432, 52.068492 ],
					[ 5.1779559, 52.068495 ],
					[ 5.1780458, 52.0685882 ],
					[ 5.1786004, 52.0690215 ],
					[ 5.1787317, 52.0691628 ],
					[ 5.1789915, 52.0695039 ],
					[ 5.1792765, 52.0701326 ],
					[ 5.1794535, 52.0703769 ],
					[ 5.1796266, 52.0705519 ],
					[ 5.1797516, 52.070661 ],
					[ 5.1799103, 52.0707892 ],
					[ 5.1801148, 52.0709181 ],
					[ 5.1802649, 52.0710017 ],
					[ 5.1807363, 52.0712627 ]
				]
			},
			"properties" : {}
		},
		{
			"type" : "Feature",
			"geometry" : {
				"type" : "LineString",
				"coordinates" : [
					[ 5.1553844, 52.0714064 ],
					[ 5.1554028, 52.0714841 ],
					[ 5.155533, 52.0717678 ],
					[ 5.1556469, 52.0720092 ],
					[ 5.1557613, 52.0721998 ],
					[ 5.1558094, 52.0722572 ],
					[ 5.1558071, 52.0722999 ]
				]
			},
			"properties" : {}
		},
		{
			"type" : "Feature",
			"geometry" : {
				"type" : "LineString",
				"coordinates" : [
					[ 5.1559796, 52.0690153 ],
					[ 5.1560235, 52.0690562 ],
					[ 5.1560641, 52.0691066 ],
					[ 5.1560999, 52.0691663 ],
					[ 5.1561159, 52.0692164 ]
				]
			},
			"properties" : {}
		},
		{
			"type" : "Feature",
			"geometry" : {
				"type" : "LineString",
				"coordinates" : [
					[ 5.1742961, 52.0729851 ],
					[ 5.1743326, 52.0730028 ],
					[ 5.1744159, 52.072992 ],
					[ 5.1745574, 52.0729401 ],
					[ 5.1746191, 52.0729307 ],
					[ 5.1746902, 52.0729298 ],
					[ 5.1748078, 52.0729256 ],
					[ 5.1749269, 52.0728869 ],
					[ 5.1750177, 52.0728232 ],
					[ 5.1751362, 52.072788 ],
					[ 5.1752018, 52.0727686 ],
					[ 5.1752876, 52.0727512 ],
					[ 5.1753886, 52.0727426 ],
					[ 5.1755096, 52.0727437 ],
					[ 5.1756911, 52.0727583 ],
					[ 5.1758558, 52.0727692 ],
					[ 5.1758789, 52.0727673 ],
					[ 5.175902, 52.0727604 ],
					[ 5.1759617, 52.0727291 ],
					[ 5.1759945, 52.0727209 ],
					[ 5.1760579, 52.0727209 ],
					[ 5.1761666, 52.0727308 ],
					[ 5.1762091, 52.0727407 ],
					[ 5.1762399, 52.0727633 ],
					[ 5.1762797, 52.0727848 ],
					[ 5.176421, 52.0727986 ],
					[ 5.1765075, 52.0728084 ],
					[ 5.1766189, 52.0728279 ],
					[ 5.1767216, 52.0728356 ],
					[ 5.1768421, 52.0728157 ],
					[ 5.1769778, 52.0727666 ],
					[ 5.1771242, 52.0726992 ],
					[ 5.177233, 52.0726216 ],
					[ 5.1772748, 52.0725944 ],
					[ 5.1773075, 52.0725746 ],
					[ 5.1773452, 52.0725489 ],
					[ 5.1773809, 52.0725423 ],
					[ 5.1780567, 52.0724943 ],
					[ 5.1782369, 52.0725136 ],
					[ 5.1783692, 52.0725553 ],
					[ 5.1784266, 52.0725918 ],
					[ 5.1784567, 52.0726143 ],
					[ 5.1785205, 52.0726903 ],
					[ 5.1785682, 52.0727243 ],
					[ 5.1786281, 52.0727299 ],
					[ 5.1787407, 52.0727236 ],
					[ 5.1788905, 52.0727118 ],
					[ 5.1789758, 52.0726922 ],
					[ 5.1791326, 52.0726874 ],
					[ 5.1792929, 52.0726931 ],
					[ 5.1794907, 52.0727264 ],
					[ 5.1796189, 52.0727479 ],
					[ 5.1797359, 52.0727841 ],
					[ 5.1797793, 52.0728056 ],
					[ 5.1799471, 52.0729137 ],
					[ 5.1800354, 52.0729616 ],
					[ 5.1800815, 52.0730113 ],
					[ 5.1800881, 52.0730598 ],
					[ 5.1801094, 52.0731331 ],
					[ 5.1801553, 52.0731724 ],
					[ 5.1802021, 52.0732064 ],
					[ 5.1802646, 52.0732366 ],
					[ 5.1804105, 52.0732726 ],
					[ 5.1804593, 52.0732741 ],
					[ 5.1805009, 52.0732645 ],
					[ 5.1805672, 52.0732436 ]
				]
			},
			"properties" : {}
		},
		{
			"type" : "Feature",
			"geometry" : {
				"type" : "LineString",
				"coordinates" : [
					[ 5.1587131, 52.0706164 ],
					[ 5.1587765, 52.0705905 ],
					[ 5.1589282, 52.0705664 ],
					[ 5.1598552, 52.0704886 ],
					[ 5.1604989, 52.0704359 ],
					[ 5.1613237, 52.0703751 ],
					[ 5.161813, 52.0703436 ]
				]
			},
			"properties" : {}
		},
		{
			"type" : "Feature",
			"geometry" : {
				"type" : "LineString",
				"coordinates" : [
					[ 5.1837179, 52.0743712 ],
					[ 5.1819554, 52.0758167 ],
					[ 5.1815557, 52.0761427 ],
					[ 5.1814942, 52.0761919 ]
				]
			},
			"properties" : {}
		},
		{
			"type" : "Feature",
			"geometry" : {
				"type" : "LineString",
				"coordinates" : [
					[ 5.1583828, 52.070434 ],
					[ 5.1584797, 52.0705016 ],
					[ 5.1586654, 52.0705807 ],
					[ 5.1587131, 52.0706164 ]
				]
			},
			"properties" : {}
		},
		{
			"type" : "Feature",
			"geometry" : {
				"type" : "LineString",
				"coordinates" : [
					[ 5.1846369, 52.0736718 ],
					[ 5.1846016, 52.0736911 ]
				]
			},
			"properties" : {}
		},
		{
			"type" : "Feature",
			"geometry" : {
				"type" : "LineString",
				"coordinates" : [
					[ 5.1775771, 52.070104 ],
					[ 5.1769965, 52.0705688 ],
					[ 5.1768474, 52.0706931 ]
				]
			},
			"properties" : {}
		},
		{
			"type" : "Feature",
			"geometry" : {
				"type" : "LineString",
				"coordinates" : [
					[ 5.161813, 52.0703436 ],
					[ 5.1620777, 52.0703548 ],
					[ 5.1623049, 52.0703592 ],
					[ 5.1625049, 52.0703886 ],
					[ 5.1626163, 52.0704122 ],
					[ 5.1627431, 52.0704361 ],
					[ 5.1629966, 52.070468 ],
					[ 5.1633168, 52.0704549 ],
					[ 5.1634807, 52.0704634 ],
					[ 5.1636236, 52.070495 ],
					[ 5.1639391, 52.0706072 ],
					[ 5.1641359, 52.0706391 ],
					[ 5.1642199, 52.070642 ]
				]
			},
			"properties" : {}
		},
		{
			"type" : "Feature",
			"geometry" : {
				"type" : "LineString",
				"coordinates" : [
					[ 5.1589477, 52.06992 ],
					[ 5.1587202, 52.0702048 ],
					[ 5.1585913, 52.0703179 ],
					[ 5.1583828, 52.070434 ]
				]
			},
			"properties" : {}
		},
		{
			"type" : "Feature",
			"geometry" : {
				"type" : "LineString",
				"coordinates" : [
					[ 5.1579747, 52.0699966 ],
					[ 5.1578002, 52.0700197 ],
					[ 5.1576298, 52.0700552 ],
					[ 5.1575308, 52.0700818 ],
					[ 5.1574451, 52.0701045 ],
					[ 5.1573015, 52.0701417 ],
					[ 5.1571809, 52.0701574 ],
					[ 5.1569347, 52.0701604 ],
					[ 5.1567645, 52.0701889 ],
					[ 5.1566184, 52.0702175 ],
					[ 5.1564669, 52.0702787 ],
					[ 5.1563951, 52.0703213 ],
					[ 5.1562753, 52.0704065 ],
					[ 5.1562296, 52.0704435 ],
					[ 5.1561848, 52.0705121 ],
					[ 5.1561177, 52.070665 ],
					[ 5.1560445, 52.0711808 ],
					[ 5.1560348, 52.0712281 ],
					[ 5.1560197, 52.0712872 ],
					[ 5.1559762, 52.071336 ],
					[ 5.1559227, 52.0714067 ]
				]
			},
			"properties" : {}
		},
		{
			"type" : "Feature",
			"geometry" : {
				"type" : "LineString",
				"coordinates" : [
					[ 5.1696303, 52.0679164 ],
					[ 5.1696304, 52.0680883 ]
				]
			},
			"properties" : {}
		},
		{
			"type" : "Feature",
			"geometry" : {
				"type" : "LineString",
				"coordinates" : [
					[ 5.1696304, 52.0680883 ],
					[ 5.1696292, 52.0681735 ]
				]
			},
			"properties" : {}
		},
		{
			"type" : "Feature",
			"geometry" : {
				"type" : "LineString",
				"coordinates" : [
					[ 5.1748446, 52.0802186 ],
					[ 5.1749648, 52.0801919 ]
				]
			},
			"properties" : {}
		},
		{
			"type" : "Feature",
			"geometry" : {
				"type" : "LineString",
				"coordinates" : [
					[ 5.1749648, 52.0801919 ],
					[ 5.1749985, 52.0801891 ],
					[ 5.1750293, 52.0802113 ],
					[ 5.1750512, 52.0802359 ],
					[ 5.1754514, 52.080667 ],
					[ 5.1756409, 52.0808684 ],
					[ 5.1756925, 52.080926 ]
				]
			},
			"properties" : {}
		},
		{
			"type" : "Feature",
			"geometry" : {
				"type" : "LineString",
				"coordinates" : [
					[ 5.1700499, 52.0811956 ],
					[ 5.1697325, 52.0811949 ],
					[ 5.1680875, 52.0811922 ],
					[ 5.1666336, 52.0811896 ],
					[ 5.1663252, 52.0811891 ],
					[ 5.1640101, 52.0811831 ],
					[ 5.1638298, 52.0811864 ]
				]
			},
			"properties" : {}
		},
		{
			"type" : "Feature",
			"geometry" : {
				"type" : "LineString",
				"coordinates" : [
					[ 5.1702147, 52.0811956 ],
					[ 5.1700499, 52.0811956 ]
				]
			},
			"properties" : {}
		},
		{
			"type" : "Feature",
			"geometry" : {
				"type" : "LineString",
				"coordinates" : [
					[ 5.1733563, 52.0687655 ],
					[ 5.1736304, 52.0706107 ]
				]
			},
			"properties" : {}
		},
		{
			"type" : "Feature",
			"geometry" : {
				"type" : "LineString",
				"coordinates" : [
					[ 5.1766609, 52.0684591 ],
					[ 5.1765096, 52.0686574 ],
					[ 5.1763925, 52.0688215 ],
					[ 5.1762735, 52.0689991 ],
					[ 5.1761286, 52.0691691 ],
					[ 5.1759151, 52.0691792 ],
					[ 5.1756179, 52.0692262 ],
					[ 5.1755314, 52.069222 ],
					[ 5.1751909, 52.069293 ],
					[ 5.1751451, 52.0692885 ],
					[ 5.1751721, 52.069307 ],
					[ 5.1752191, 52.0695448 ],
					[ 5.1752524, 52.0698367 ]
				]
			},
			"properties" : {}
		},
		{
			"type" : "Feature",
			"geometry" : {
				"type" : "LineString",
				"coordinates" : [
					[ 5.1736304, 52.0706107 ],
					[ 5.1737499, 52.0704965 ],
					[ 5.1747929, 52.069589 ],
					[ 5.1749357, 52.0694622 ],
					[ 5.1751451, 52.0692885 ],
					[ 5.1754139, 52.0690283 ],
					[ 5.1755026, 52.0689486 ]
				]
			},
			"properties" : {}
		},
		{
			"type" : "Feature",
			"geometry" : {
				"type" : "LineString",
				"coordinates" : [
					[ 5.1610233, 52.0669239 ],
					[ 5.1613451, 52.0668536 ],
					[ 5.1618738, 52.0667183 ],
					[ 5.163329, 52.0664106 ],
					[ 5.1635449, 52.0663749 ],
					[ 5.1638294, 52.0663618 ],
					[ 5.1639754, 52.0663626 ],
					[ 5.1641452, 52.0663684 ],
					[ 5.1643625, 52.0663851 ],
					[ 5.1647976, 52.0664226 ],
					[ 5.1651227, 52.0664517 ],
					[ 5.1654572, 52.0664898 ],
					[ 5.1657977, 52.0665356 ],
					[ 5.1658654, 52.0665412 ]
				]
			},
			"properties" : {}
		},
		{
			"type" : "Feature",
			"geometry" : {
				"type" : "LineString",
				"coordinates" : [
					[ 5.1651823, 52.0773595 ],
					[ 5.1636344, 52.0779257 ],
					[ 5.163088, 52.0781381 ],
					[ 5.1626537, 52.0783748 ],
					[ 5.1623554, 52.0785727 ],
					[ 5.162079, 52.0787801 ],
					[ 5.1620023, 52.0788524 ],
					[ 5.1619479, 52.0789247 ],
					[ 5.1618936, 52.0790028 ],
					[ 5.1618475, 52.0790859 ],
					[ 5.1617216, 52.0793884 ],
					[ 5.1616593, 52.0795426 ],
					[ 5.1616282, 52.0796174 ],
					[ 5.1615857, 52.0796845 ],
					[ 5.1615173, 52.0797829 ],
					[ 5.1614639, 52.0798503 ],
					[ 5.1613225, 52.0799731 ]
				]
			},
			"properties" : {}
		},
		{
			"type" : "Feature",
			"geometry" : {
				"type" : "LineString",
				"coordinates" : [
					[ 5.1756724, 52.0700631 ],
					[ 5.176281, 52.0703919 ],
					[ 5.1766781, 52.0706037 ],
					[ 5.1768474, 52.0706931 ]
				]
			},
			"properties" : {}
		},
		{
			"type" : "Feature",
			"geometry" : {
				"type" : "LineString",
				"coordinates" : [
					[ 5.1584268, 52.0712329 ],
					[ 5.1584292, 52.0712849 ],
					[ 5.1584577, 52.0714245 ],
					[ 5.158558, 52.0717099 ],
					[ 5.1585834, 52.0718259 ],
					[ 5.1585789, 52.0718969 ],
					[ 5.1585485, 52.0719495 ],
					[ 5.1585117, 52.0719847 ],
					[ 5.1584412, 52.0720183 ],
					[ 5.1583599, 52.0720427 ],
					[ 5.1582656, 52.0720642 ],
					[ 5.1580817, 52.0721259 ],
					[ 5.1579235, 52.07219 ],
					[ 5.157905, 52.0722607 ],
					[ 5.1579361, 52.07243 ]
				]
			},
			"properties" : {}
		},
		{
			"type" : "Feature",
			"geometry" : {
				"type" : "LineString",
				"coordinates" : [
					[ 5.1566067, 52.0713391 ],
					[ 5.1570413, 52.0713813 ],
					[ 5.1572889, 52.071388 ],
					[ 5.1576847, 52.0713575 ],
					[ 5.1579615, 52.0713315 ],
					[ 5.1581951, 52.0712781 ],
					[ 5.158351, 52.0712501 ],
					[ 5.1584268, 52.0712329 ],
					[ 5.1584455, 52.0712132 ],
					[ 5.1585117, 52.0711994 ],
					[ 5.158585, 52.0711516 ],
					[ 5.1586184, 52.0710881 ],
					[ 5.1586299, 52.0710178 ],
					[ 5.1586466, 52.0709446 ],
					[ 5.1586421, 52.0708094 ],
					[ 5.1586447, 52.0707567 ],
					[ 5.1586579, 52.0706959 ],
					[ 5.1586756, 52.0706655 ],
					[ 5.1587131, 52.0706164 ]
				]
			},
			"properties" : {}
		},
		{
			"type" : "Feature",
			"geometry" : {
				"type" : "LineString",
				"coordinates" : [
					[ 5.1600789, 52.06697 ],
					[ 5.1601807, 52.0669605 ]
				]
			},
			"properties" : {}
		},
		{
			"type" : "Feature",
			"geometry" : {
				"type" : "LineString",
				"coordinates" : [
					[ 5.1648652, 52.0680241 ],
					[ 5.1648985, 52.0679793 ],
					[ 5.1649184, 52.0679573 ],
					[ 5.1649361, 52.0679339 ],
					[ 5.1649489, 52.0679027 ],
					[ 5.1649599, 52.0678811 ],
					[ 5.1648653, 52.0678432 ],
					[ 5.1648232, 52.0678092 ],
					[ 5.164808, 52.0677328 ],
					[ 5.1648327, 52.0676684 ],
					[ 5.164873, 52.0676341 ],
					[ 5.1649046, 52.0676099 ],
					[ 5.1650163, 52.0675498 ],
					[ 5.1651341, 52.0675374 ],
					[ 5.1652104, 52.0675362 ],
					[ 5.1652898, 52.0675418 ],
					[ 5.1653866, 52.0675777 ],
					[ 5.1654658, 52.0676056 ],
					[ 5.1655045, 52.0676202 ],
					[ 5.1655612, 52.0676378 ],
					[ 5.1656852, 52.0676607 ],
					[ 5.1657763, 52.0676594 ],
					[ 5.1658178, 52.0676537 ],
					[ 5.1659094, 52.0676483 ],
					[ 5.1659589, 52.0676879 ],
					[ 5.1660497, 52.0677121 ],
					[ 5.1660623, 52.067718 ],
					[ 5.1661448, 52.0677567 ],
					[ 5.1662172, 52.0677782 ],
					[ 5.1662823, 52.0677959 ],
					[ 5.1663332, 52.0678174 ],
					[ 5.1664106, 52.067929 ],
					[ 5.1663925, 52.0680359 ],
					[ 5.1663443, 52.0681424 ],
					[ 5.1662637, 52.0682511 ],
					[ 5.1662087, 52.0683001 ]
				]
			},
			"properties" : {}
		},
		{
			"type" : "Feature",
			"geometry" : {
				"type" : "LineString",
				"coordinates" : [
					[ 5.1664423, 52.0683698 ],
					[ 5.1664519, 52.0683416 ],
					[ 5.1664603, 52.0683083 ],
					[ 5.1665092, 52.0682648 ],
					[ 5.1665776, 52.0682203 ],
					[ 5.1666816, 52.0681328 ],
					[ 5.166783, 52.0680109 ],
					[ 5.1668685, 52.067963 ],
					[ 5.1669808, 52.0679605 ],
					[ 5.1672551, 52.0679853 ],
					[ 5.1674156, 52.0680032 ]
				]
			},
			"properties" : {}
		},
		{
			"type" : "Feature",
			"geometry" : {
				"type" : "LineString",
				"coordinates" : [
					[ 5.1705818, 52.0756993 ],
					[ 5.1703789, 52.0754532 ],
					[ 5.1702462, 52.0753558 ]
				]
			},
			"properties" : {}
		},
		{
			"type" : "Feature",
			"geometry" : {
				"type" : "LineString",
				"coordinates" : [
					[ 5.1717951, 52.0683425 ],
					[ 5.1719132, 52.0683829 ],
					[ 5.1720696, 52.0684243 ],
					[ 5.1726164, 52.0685688 ],
					[ 5.1732381, 52.0687309 ],
					[ 5.1733563, 52.0687655 ]
				]
			},
			"properties" : {}
		},
		{
			"type" : "Feature",
			"geometry" : {
				"type" : "LineString",
				"coordinates" : [
					[ 5.1692092, 52.0683496 ],
					[ 5.1695117, 52.068205 ],
					[ 5.1696292, 52.0681735 ]
				]
			},
			"properties" : {}
		},
		{
			"type" : "Feature",
			"geometry" : {
				"type" : "LineString",
				"coordinates" : [
					[ 5.1702462, 52.0753558 ],
					[ 5.1701623, 52.0754649 ],
					[ 5.1700764, 52.0755196 ],
					[ 5.1699925, 52.0755564 ],
					[ 5.1698699, 52.075557 ],
					[ 5.1698163, 52.0756221 ],
					[ 5.1697341, 52.0756749 ],
					[ 5.1695851, 52.0756833 ],
					[ 5.1695504, 52.0757096 ],
					[ 5.1695193, 52.0757472 ],
					[ 5.1693525, 52.0758425 ],
					[ 5.1690724, 52.0759463 ],
					[ 5.1689533, 52.0760227 ],
					[ 5.1689198, 52.0761496 ],
					[ 5.168868, 52.0761883 ],
					[ 5.1688101, 52.076233 ],
					[ 5.1686809, 52.0762604 ],
					[ 5.1685787, 52.0763112 ],
					[ 5.168488, 52.076408 ],
					[ 5.1683396, 52.0764557 ],
					[ 5.1680759, 52.0764685 ],
					[ 5.1678634, 52.0764991 ],
					[ 5.1675963, 52.0765668 ],
					[ 5.1674507, 52.0766018 ],
					[ 5.1671335, 52.0766474 ]
				]
			},
			"properties" : {}
		},
		{
			"type" : "Feature",
			"geometry" : {
				"type" : "LineString",
				"coordinates" : [
					[ 5.1647307, 52.0679809 ],
					[ 5.1646473, 52.0679556 ],
					[ 5.164506, 52.0680508 ],
					[ 5.164353, 52.0680815 ],
					[ 5.1642289, 52.0681355 ],
					[ 5.1641352, 52.068202 ],
					[ 5.164032, 52.0682824 ],
					[ 5.164018, 52.0683474 ]
				]
			},
			"properties" : {}
		},
		{
			"type" : "Feature",
			"geometry" : {
				"type" : "LineString",
				"coordinates" : [
					[ 5.177257, 52.0706848 ],
					[ 5.1771379, 52.0706312 ],
					[ 5.1769965, 52.0705688 ]
				]
			},
			"properties" : {}
		},
		{
			"type" : "Feature",
			"geometry" : {
				"type" : "LineString",
				"coordinates" : [
					[ 5.1681577, 52.0683827 ],
					[ 5.1679192, 52.0683876 ],
					[ 5.1677883, 52.0684564 ],
					[ 5.167746, 52.0685541 ],
					[ 5.1677327, 52.0686509 ],
					[ 5.1676817, 52.068727 ],
					[ 5.1676054, 52.0687987 ],
					[ 5.167538, 52.0688239 ]
				]
			},
			"properties" : {}
		},
		{
			"type" : "Feature",
			"geometry" : {
				"type" : "LineString",
				"coordinates" : [
					[ 5.1697624, 52.0705471 ],
					[ 5.1696932, 52.0692349 ]
				]
			},
			"properties" : {}
		},
		{
			"type" : "Feature",
			"geometry" : {
				"type" : "LineString",
				"coordinates" : [
					[ 5.1674796, 52.0680073 ],
					[ 5.1684499, 52.0680774 ],
					[ 5.1696292, 52.0681735 ]
				]
			},
			"properties" : {}
		},
		{
			"type" : "Feature",
			"geometry" : {
				"type" : "LineString",
				"coordinates" : [
					[ 5.1671335, 52.0766474 ],
					[ 5.1673866, 52.0767665 ],
					[ 5.1678733, 52.0769885 ],
					[ 5.1685794, 52.0773024 ]
				]
			},
			"properties" : {}
		},
		{
			"type" : "Feature",
			"geometry" : {
				"type" : "LineString",
				"coordinates" : [
					[ 5.1696932, 52.0692349 ],
					[ 5.1696292, 52.0681735 ]
				]
			},
			"properties" : {}
		},
		{
			"type" : "Feature",
			"geometry" : {
				"type" : "LineString",
				"coordinates" : [
					[ 5.1697624, 52.0705471 ],
					[ 5.1696007, 52.0705778 ],
					[ 5.1681898, 52.0708534 ],
					[ 5.1678974, 52.0709086 ],
					[ 5.1678418, 52.0708789 ],
					[ 5.1678214, 52.0708334 ],
					[ 5.1677135, 52.0701104 ]
				]
			},
			"properties" : {}
		},
		{
			"type" : "Feature",
			"geometry" : {
				"type" : "LineString",
				"coordinates" : [
					[ 5.1677135, 52.0701104 ],
					[ 5.1676727, 52.0698383 ],
					[ 5.1675775, 52.0691185 ]
				]
			},
			"properties" : {}
		},
		{
			"type" : "Feature",
			"geometry" : {
				"type" : "LineString",
				"coordinates" : [
					[ 5.1721253, 52.0744673 ],
					[ 5.1720291, 52.0745476 ]
				]
			},
			"properties" : {}
		},
		{
			"type" : "Feature",
			"geometry" : {
				"type" : "LineString",
				"coordinates" : [
					[ 5.1696932, 52.0692349 ],
					[ 5.1692173, 52.06945 ],
					[ 5.168518, 52.0697593 ],
					[ 5.1679549, 52.0700068 ],
					[ 5.1677135, 52.0701104 ]
				]
			},
			"properties" : {}
		},
		{
			"type" : "Feature",
			"geometry" : {
				"type" : "LineString",
				"coordinates" : [
					[ 5.167538, 52.0688239 ],
					[ 5.1674156, 52.0680032 ]
				]
			},
			"properties" : {}
		},
		{
			"type" : "Feature",
			"geometry" : {
				"type" : "LineString",
				"coordinates" : [
					[ 5.1706499, 52.0811977 ],
					[ 5.1702147, 52.0811956 ]
				]
			},
			"properties" : {}
		},
		{
			"type" : "Feature",
			"geometry" : {
				"type" : "LineString",
				"coordinates" : [
					[ 5.17321, 52.081207 ],
					[ 5.173206, 52.0811325 ],
					[ 5.1732197, 52.0805285 ],
					[ 5.1734603, 52.0804104 ],
					[ 5.1741529, 52.0800828 ],
					[ 5.1742357, 52.0800576 ],
					[ 5.1742838, 52.0800488 ],
					[ 5.174357, 52.0800345 ],
					[ 5.174401, 52.0800212 ],
					[ 5.1744704, 52.0799612 ]
				]
			},
			"properties" : {}
		},
		{
			"type" : "Feature",
			"geometry" : {
				"type" : "LineString",
				"coordinates" : [
					[ 5.1642199, 52.070642 ],
					[ 5.1643645, 52.0706147 ],
					[ 5.1663849, 52.0696738 ],
					[ 5.1675775, 52.0691185 ]
				]
			},
			"properties" : {}
		},
		{
			"type" : "Feature",
			"geometry" : {
				"type" : "LineString",
				"coordinates" : [
					[ 5.1675775, 52.0691185 ],
					[ 5.167538, 52.0688239 ]
				]
			},
			"properties" : {}
		},
		{
			"type" : "Feature",
			"geometry" : {
				"type" : "LineString",
				"coordinates" : [
					[ 5.179679, 52.0683181 ],
					[ 5.1786149, 52.067725 ],
					[ 5.1783718, 52.0675837 ],
					[ 5.1782934, 52.0675438 ]
				]
			},
			"properties" : {}
		},
		{
			"type" : "Feature",
			"geometry" : {
				"type" : "LineString",
				"coordinates" : [
					[ 5.1798964, 52.0684258 ],
					[ 5.1797846, 52.0683743 ],
					[ 5.179679, 52.0683181 ]
				]
			},
			"properties" : {}
		},
		{
			"type" : "Feature",
			"geometry" : {
				"type" : "LineString",
				"coordinates" : [
					[ 5.1729714, 52.081207 ],
					[ 5.1728293, 52.08121 ],
					[ 5.1717303, 52.0812057 ],
					[ 5.1706499, 52.0811977 ]
				]
			},
			"properties" : {}
		},
		{
			"type" : "Feature",
			"geometry" : {
				"type" : "LineString",
				"coordinates" : [
					[ 5.1657519, 52.0672781 ],
					[ 5.1652232, 52.0673237 ],
					[ 5.165016, 52.0673229 ],
					[ 5.1648327, 52.0672972 ],
					[ 5.164558, 52.0672076 ],
					[ 5.1644137, 52.0671298 ],
					[ 5.1643041, 52.0670477 ],
					[ 5.1642009, 52.0669447 ],
					[ 5.1641203, 52.0668224 ],
					[ 5.1641289, 52.066738 ],
					[ 5.1641804, 52.0666852 ],
					[ 5.1642748, 52.0666588 ],
					[ 5.1643521, 52.0666694 ],
					[ 5.1644339, 52.0666903 ],
					[ 5.1644781, 52.0667169 ],
					[ 5.1646461, 52.0668033 ],
					[ 5.1648413, 52.0668488 ],
					[ 5.165042, 52.0668799 ],
					[ 5.1652727, 52.0668861 ],
					[ 5.165671, 52.0668873 ],
					[ 5.1657734, 52.0668844 ]
				]
			},
			"properties" : {}
		},
		{
			"type" : "Feature",
			"geometry" : {
				"type" : "LineString",
				"coordinates" : [
					[ 5.1781834, 52.0680579 ],
					[ 5.1780727, 52.0680632 ],
					[ 5.1779855, 52.0681272 ],
					[ 5.1778883, 52.0682027 ],
					[ 5.177829, 52.0682284 ],
					[ 5.1777834, 52.0682368 ],
					[ 5.1777274, 52.0682354 ],
					[ 5.1776046, 52.0681882 ],
					[ 5.1775505, 52.0681556 ],
					[ 5.1775279, 52.0681112 ],
					[ 5.1775434, 52.0680533 ],
					[ 5.1775977, 52.0679995 ],
					[ 5.1777132, 52.0679019 ],
					[ 5.1778805, 52.0677749 ],
					[ 5.1781087, 52.0676005 ],
					[ 5.1781688, 52.0675885 ]
				]
			},
			"properties" : {}
		},
		{
			"type" : "Feature",
			"geometry" : {
				"type" : "LineString",
				"coordinates" : [
					[ 5.1742961, 52.0729851 ],
					[ 5.1741475, 52.072946 ],
					[ 5.1740476, 52.0729322 ]
				]
			},
			"properties" : {}
		},
		{
			"type" : "Feature",
			"geometry" : {
				"type" : "LineString",
				"coordinates" : [
					[ 5.1742961, 52.0729851 ],
					[ 5.1743836, 52.0729294 ],
					[ 5.1748089, 52.0725854 ],
					[ 5.1749974, 52.0724694 ],
					[ 5.1751539, 52.0724365 ],
					[ 5.1753122, 52.0724205 ],
					[ 5.1781498, 52.0724225 ],
					[ 5.1795213, 52.0724259 ],
					[ 5.1796507, 52.072433 ],
					[ 5.1798518, 52.0724985 ],
					[ 5.1799735, 52.0725541 ],
					[ 5.1804872, 52.0728467 ],
					[ 5.1805343, 52.0728839 ],
					[ 5.1806093, 52.0728979 ]
				]
			},
			"properties" : {}
		},
		{
			"type" : "Feature",
			"geometry" : {
				"type" : "LineString",
				"coordinates" : [
					[ 5.1808412, 52.071318 ],
					[ 5.1809806, 52.0713872 ],
					[ 5.1814638, 52.0715788 ],
					[ 5.1818843, 52.0717643 ],
					[ 5.1821636, 52.071924 ],
					[ 5.1824196, 52.0720912 ],
					[ 5.1830589, 52.0724402 ],
					[ 5.1833854, 52.0726711 ],
					[ 5.1837373, 52.072989 ],
					[ 5.1837818, 52.0730197 ],
					[ 5.1840114, 52.0732072 ],
					[ 5.1843944, 52.0734788 ],
					[ 5.1844751, 52.0735426 ],
					[ 5.1845138, 52.0735828 ],
					[ 5.1846369, 52.0736718 ]
				]
			},
			"properties" : {}
		},
		{
			"type" : "Feature",
			"geometry" : {
				"type" : "LineString",
				"coordinates" : [
					[ 5.1807363, 52.0712627 ],
					[ 5.1808412, 52.071318 ]
				]
			},
			"properties" : {}
		},
		{
			"type" : "Feature",
			"geometry" : {
				"type" : "LineString",
				"coordinates" : [
					[ 5.1744437, 52.0726091 ],
					[ 5.1742198, 52.0727917 ],
					[ 5.1740476, 52.0729322 ]
				]
			},
			"properties" : {}
		},
		{
			"type" : "Feature",
			"geometry" : {
				"type" : "LineString",
				"coordinates" : [
					[ 5.1702462, 52.0753558 ],
					[ 5.1701546, 52.0752576 ]
				]
			},
			"properties" : {}
		},
		{
			"type" : "Feature",
			"geometry" : {
				"type" : "LineString",
				"coordinates" : [
					[ 5.170098, 52.0752073 ],
					[ 5.1701546, 52.0752576 ]
				]
			},
			"properties" : {}
		},
		{
			"type" : "Feature",
			"geometry" : {
				"type" : "LineString",
				"coordinates" : [
					[ 5.1768474, 52.0706931 ],
					[ 5.1755347, 52.0717381 ],
					[ 5.1744437, 52.0726091 ]
				]
			},
			"properties" : {}
		},
		{
			"type" : "Feature",
			"geometry" : {
				"type" : "LineString",
				"coordinates" : [
					[ 5.1705818, 52.0756993 ],
					[ 5.170119, 52.0760718 ],
					[ 5.1692877, 52.0767475 ],
					[ 5.16879, 52.0771411 ],
					[ 5.1685794, 52.0773024 ]
				]
			},
			"properties" : {}
		},
		{
			"type" : "Feature",
			"geometry" : {
				"type" : "LineString",
				"coordinates" : [
					[ 5.1670026, 52.076567 ],
					[ 5.1670395, 52.0765911 ]
				]
			},
			"properties" : {}
		},
		{
			"type" : "Feature",
			"geometry" : {
				"type" : "LineString",
				"coordinates" : [
					[ 5.1697968, 52.0675667 ],
					[ 5.1699797, 52.06757 ]
				]
			},
			"properties" : {}
		},
		{
			"type" : "Feature",
			"geometry" : {
				"type" : "LineString",
				"coordinates" : [
					[ 5.169812, 52.0646958 ],
					[ 5.1697709, 52.064713 ],
					[ 5.1694728, 52.0647165 ]
				]
			},
			"properties" : {}
		},
		{
			"type" : "Feature",
			"geometry" : {
				"type" : "LineString",
				"coordinates" : [
					[ 5.1720291, 52.0745476 ],
					[ 5.1720066, 52.0745691 ]
				]
			},
			"properties" : {}
		},
		{
			"type" : "Feature",
			"geometry" : {
				"type" : "LineString",
				"coordinates" : [
					[ 5.1720066, 52.0745691 ],
					[ 5.1716289, 52.0748779 ],
					[ 5.171271, 52.0751629 ],
					[ 5.1705818, 52.0756993 ]
				]
			},
			"properties" : {}
		},
		{
			"type" : "Feature",
			"geometry" : {
				"type" : "LineString",
				"coordinates" : [
					[ 5.1700875, 52.075178 ],
					[ 5.170098, 52.0752073 ]
				]
			},
			"properties" : {}
		},
		{
			"type" : "Feature",
			"geometry" : {
				"type" : "LineString",
				"coordinates" : [
					[ 5.1523664, 52.0711361 ],
					[ 5.1524185, 52.0711446 ],
					[ 5.1524976, 52.0711556 ],
					[ 5.1538634, 52.0711212 ],
					[ 5.154105, 52.0711179 ],
					[ 5.1542694, 52.0711353 ],
					[ 5.1544174, 52.0711642 ],
					[ 5.1545936, 52.0712049 ],
					[ 5.1550242, 52.0713173 ],
					[ 5.1551982, 52.071369 ],
					[ 5.1553844, 52.0714064 ]
				]
			},
			"properties" : {}
		},
		{
			"type" : "Feature",
			"geometry" : {
				"type" : "LineString",
				"coordinates" : [
					[ 5.163088, 52.0781381 ],
					[ 5.1628591, 52.0779375 ],
					[ 5.1623168, 52.077402 ],
					[ 5.1620605, 52.0771292 ],
					[ 5.1616795, 52.076702 ],
					[ 5.1612979, 52.0763015 ]
				]
			},
			"properties" : {}
		},
		{
			"type" : "Feature",
			"geometry" : {
				"type" : "LineString",
				"coordinates" : [
					[ 5.1586313, 52.071957 ],
					[ 5.1587938, 52.0725529 ],
					[ 5.1591094, 52.0736634 ],
					[ 5.1592542, 52.074138 ],
					[ 5.159299, 52.0743132 ],
					[ 5.1593305, 52.0743716 ],
					[ 5.1594082, 52.0744711 ],
					[ 5.159582, 52.0746545 ],
					[ 5.1602268, 52.0753032 ],
					[ 5.161178, 52.0761897 ]
				]
			},
			"properties" : {}
		},
		{
			"type" : "Feature",
			"geometry" : {
				"type" : "LineString",
				"coordinates" : [
					[ 5.1612979, 52.0763015 ],
					[ 5.161178, 52.0761897 ]
				]
			},
			"properties" : {}
		},
		{
			"type" : "Feature",
			"geometry" : {
				"type" : "LineString",
				"coordinates" : [
					[ 5.1585789, 52.0718969 ],
					[ 5.1586313, 52.071957 ]
				]
			},
			"properties" : {}
		},
		{
			"type" : "Feature",
			"geometry" : {
				"type" : "LineString",
				"coordinates" : [
					[ 5.1715724, 52.0787209 ],
					[ 5.1723103, 52.0789995 ],
					[ 5.1731448, 52.079307 ],
					[ 5.1732636, 52.0793322 ],
					[ 5.1733429, 52.0793324 ],
					[ 5.1734807, 52.0793054 ],
					[ 5.1736889, 52.0792667 ],
					[ 5.1737309, 52.0792669 ],
					[ 5.1737757, 52.0792768 ],
					[ 5.17384, 52.0793093 ],
					[ 5.1739082, 52.079373 ],
					[ 5.1740301, 52.07951 ],
					[ 5.1742141, 52.0797007 ],
					[ 5.1744704, 52.0799612 ],
					[ 5.1745854, 52.0800706 ],
					[ 5.1747061, 52.0801698 ],
					[ 5.1747495, 52.0801991 ],
					[ 5.1747969, 52.0802145 ],
					[ 5.1748446, 52.0802186 ]
				]
			},
			"properties" : {}
		},
		{
			"type" : "Feature",
			"geometry" : {
				"type" : "LineString",
				"coordinates" : [
					[ 5.1818892, 52.0734042 ],
					[ 5.1818722, 52.0734173 ],
					[ 5.1818577, 52.0734293 ]
				]
			},
			"properties" : {}
		},
		{
			"type" : "Feature",
			"geometry" : {
				"type" : "LineString",
				"coordinates" : [
					[ 5.1777274, 52.0682354 ],
					[ 5.1777372, 52.0683336 ]
				]
			},
			"properties" : {}
		},
		{
			"type" : "Feature",
			"geometry" : {
				"type" : "LineString",
				"coordinates" : [
					[ 5.1631392, 52.0781915 ],
					[ 5.163088, 52.0781381 ]
				]
			},
			"properties" : {}
		},
		{
			"type" : "Feature",
			"geometry" : {
				"type" : "LineString",
				"coordinates" : [
					[ 5.1697857, 52.067289 ],
					[ 5.1698106, 52.0672918 ],
					[ 5.169889, 52.0672947 ],
					[ 5.169939, 52.0672992 ],
					[ 5.1700323, 52.0673086 ]
				]
			},
			"properties" : {}
		},
		{
			"type" : "Feature",
			"geometry" : {
				"type" : "LineString",
				"coordinates" : [
					[ 5.1696855, 52.067322 ],
					[ 5.1696018, 52.0673256 ],
					[ 5.1694956, 52.0673119 ],
					[ 5.1694522, 52.0672947 ],
					[ 5.169424, 52.0672802 ],
					[ 5.1694025, 52.0672521 ],
					[ 5.1694613, 52.0672342 ],
					[ 5.1695019, 52.0672257 ],
					[ 5.1695826, 52.0672256 ],
					[ 5.1696329, 52.0672297 ],
					[ 5.1697446, 52.0672605 ],
					[ 5.1697857, 52.067289 ],
					[ 5.1697472, 52.0673108 ],
					[ 5.1696855, 52.067322 ]
				]
			},
			"properties" : {}
		},
		{
			"type" : "Feature",
			"geometry" : {
				"type" : "LineString",
				"coordinates" : [
					[ 5.1696018, 52.0673256 ],
					[ 5.1696059, 52.0673731 ]
				]
			},
			"properties" : {}
		},
		{
			"type" : "Feature",
			"geometry" : {
				"type" : "LineString",
				"coordinates" : [
					[ 5.1691668, 52.0676873 ],
					[ 5.1690929, 52.0676565 ],
					[ 5.1690972, 52.0676169 ],
					[ 5.1690945, 52.0674539 ],
					[ 5.1690787, 52.0673703 ],
					[ 5.1690836, 52.0673097 ],
					[ 5.1690499, 52.0672578 ],
					[ 5.169042, 52.0672305 ],
					[ 5.1690637, 52.0671799 ],
					[ 5.1690791, 52.0671562 ],
					[ 5.1691828, 52.0671981 ],
					[ 5.1693195, 52.0672439 ],
					[ 5.1694025, 52.0672521 ]
				]
			},
			"properties" : {}
		},
		{
			"type" : "Feature",
			"geometry" : {
				"type" : "LineString",
				"coordinates" : [
					[ 5.1696219, 52.0677889 ],
					[ 5.1696303, 52.0679164 ]
				]
			},
			"properties" : {}
		},
		{
			"type" : "Feature",
			"geometry" : {
				"type" : "LineString",
				"coordinates" : [
					[ 5.1694271, 52.0676927 ],
					[ 5.1693444, 52.067704 ],
					[ 5.169259, 52.0676975 ],
					[ 5.1691668, 52.0676873 ]
				]
			},
			"properties" : {}
		},
		{
			"type" : "Feature",
			"geometry" : {
				"type" : "LineString",
				"coordinates" : [
					[ 5.1806093, 52.0728979 ],
					[ 5.1806074, 52.0729362 ],
					[ 5.1806072, 52.0729733 ],
					[ 5.1805866, 52.0731396 ],
					[ 5.1805672, 52.0732436 ]
				]
			},
			"properties" : {}
		},
		{
			"type" : "Feature",
			"geometry" : {
				"type" : "LineString",
				"coordinates" : [
					[ 5.1748353, 52.0653121 ],
					[ 5.174321, 52.0651426 ],
					[ 5.1739317, 52.0650147 ],
					[ 5.1735761, 52.0649198 ],
					[ 5.1732469, 52.0648396 ],
					[ 5.1728859, 52.0647668 ],
					[ 5.1727234, 52.0647358 ],
					[ 5.1725546, 52.0647085 ],
					[ 5.1724297, 52.0647078 ]
				]
			},
			"properties" : {}
		},
		{
			"type" : "Feature",
			"geometry" : {
				"type" : "LineString",
				"coordinates" : [
					[ 5.1724297, 52.0647078 ],
					[ 5.1723255, 52.0647022 ]
				]
			},
			"properties" : {}
		},
		{
			"type" : "Feature",
			"geometry" : {
				"type" : "LineString",
				"coordinates" : [
					[ 5.1723255, 52.0647022 ],
					[ 5.1715379, 52.0647023 ],
					[ 5.1709039, 52.064692 ]
				]
			},
			"properties" : {}
		},
		{
			"type" : "Feature",
			"geometry" : {
				"type" : "LineString",
				"coordinates" : [
					[ 5.1557541, 52.0714089 ],
					[ 5.1555252, 52.0714096 ]
				]
			},
			"properties" : {}
		},
		{
			"type" : "Feature",
			"geometry" : {
				"type" : "LineString",
				"coordinates" : [
					[ 5.1662087, 52.0683001 ],
					[ 5.1662309, 52.0683062 ]
				]
			},
			"properties" : {}
		},
		{
			"type" : "Feature",
			"geometry" : {
				"type" : "LineString",
				"coordinates" : [
					[ 5.1662087, 52.0683001 ],
					[ 5.1661859, 52.0683511 ],
					[ 5.1661373, 52.0683947 ],
					[ 5.1660221, 52.06843 ],
					[ 5.1659746, 52.0684172 ],
					[ 5.1659264, 52.0683792 ],
					[ 5.1658657, 52.0683346 ],
					[ 5.1657942, 52.0682848 ],
					[ 5.1656887, 52.0682758 ],
					[ 5.1656048, 52.0682688 ],
					[ 5.1655579, 52.0682715 ],
					[ 5.1654175, 52.0683039 ],
					[ 5.1652984, 52.0683496 ],
					[ 5.1651833, 52.068363 ],
					[ 5.1650097, 52.0683575 ],
					[ 5.1649049, 52.068346 ],
					[ 5.1648446, 52.0683152 ],
					[ 5.1648119, 52.0682669 ],
					[ 5.1648101, 52.068161 ],
					[ 5.1648426, 52.0680581 ],
					[ 5.1648652, 52.0680241 ]
				]
			},
			"properties" : {}
		},
		{
			"type" : "Feature",
			"geometry" : {
				"type" : "LineString",
				"coordinates" : [
					[ 5.1774588, 52.0694734 ],
					[ 5.1775138, 52.0694641 ]
				]
			},
			"properties" : {}
		},
		{
			"type" : "Feature",
			"geometry" : {
				"type" : "LineString",
				"coordinates" : [
					[ 5.1770443, 52.0690299 ],
					[ 5.1768435, 52.0689459 ],
					[ 5.1767806, 52.0689074 ],
					[ 5.1767307, 52.068859 ],
					[ 5.1767183, 52.0688199 ],
					[ 5.1767363, 52.0687672 ],
					[ 5.1767573, 52.0687304 ],
					[ 5.1767966, 52.0686941 ],
					[ 5.176905, 52.0686612 ]
				]
			},
			"properties" : {}
		},
		{
			"type" : "Feature",
			"geometry" : {
				"type" : "LineString",
				"coordinates" : [
					[ 5.1740476, 52.0729322 ],
					[ 5.1739482, 52.0730123 ],
					[ 5.1721253, 52.0744673 ]
				]
			},
			"properties" : {}
		},
		{
			"type" : "Feature",
			"geometry" : {
				"type" : "LineString",
				"coordinates" : [
					[ 5.171049, 52.0639966 ],
					[ 5.1709724, 52.0640174 ],
					[ 5.1702951, 52.0640506 ],
					[ 5.1695793, 52.0640961 ],
					[ 5.1695103, 52.064108 ],
					[ 5.1694681, 52.0641173 ],
					[ 5.1694401, 52.0641534 ],
					[ 5.1694473, 52.0642604 ]
				]
			},
			"properties" : {}
		},
		{
			"type" : "Feature",
			"geometry" : {
				"type" : "LineString",
				"coordinates" : [
					[ 5.1762735, 52.0689991 ],
					[ 5.1764448, 52.06903 ],
					[ 5.1765414, 52.0690737 ],
					[ 5.1766741, 52.0691611 ],
					[ 5.1767656, 52.0692369 ]
				]
			},
			"properties" : {}
		},
		{
			"type" : "Feature",
			"geometry" : {
				"type" : "LineString",
				"coordinates" : [
					[ 5.1733563, 52.0687655 ],
					[ 5.1734919, 52.0688766 ],
					[ 5.1747929, 52.069589 ],
					[ 5.1752524, 52.0698367 ],
					[ 5.1756724, 52.0700631 ]
				]
			},
			"properties" : {}
		},
		{
			"type" : "Feature",
			"geometry" : {
				"type" : "LineString",
				"coordinates" : [
					[ 5.1765751, 52.0693811 ],
					[ 5.1756378, 52.0695042 ],
					[ 5.1752191, 52.0695448 ],
					[ 5.1747929, 52.069589 ]
				]
			},
			"properties" : {}
		},
		{
			"type" : "Feature",
			"geometry" : {
				"type" : "LineString",
				"coordinates" : [
					[ 5.1640131, 52.0684821 ],
					[ 5.164027, 52.068418 ]
				]
			},
			"properties" : {}
		},
		{
			"type" : "Feature",
			"geometry" : {
				"type" : "LineString",
				"coordinates" : [
					[ 5.1638954, 52.0684889 ],
					[ 5.1639667, 52.0684787 ],
					[ 5.1640131, 52.0684821 ]
				]
			},
			"properties" : {}
		},
		{
			"type" : "Feature",
			"geometry" : {
				"type" : "LineString",
				"coordinates" : [
					[ 5.1712348, 52.0640016 ],
					[ 5.1711243, 52.0640034 ],
					[ 5.171049, 52.0639966 ]
				]
			},
			"properties" : {}
		},
		{
			"type" : "Feature",
			"geometry" : {
				"type" : "LineString",
				"coordinates" : [
					[ 5.1697681, 52.0708189 ],
					[ 5.1721693, 52.0703941 ],
					[ 5.1722605, 52.0703513 ],
					[ 5.1723088, 52.0702952 ],
					[ 5.1723034, 52.070226 ],
					[ 5.172164, 52.0689696 ],
					[ 5.1721747, 52.0689267 ],
					[ 5.1726164, 52.0685688 ]
				]
			},
			"properties" : {}
		},
		{
			"type" : "Feature",
			"geometry" : {
				"type" : "LineString",
				"coordinates" : [
					[ 5.1662172, 52.0677782 ],
					[ 5.1661619, 52.0678611 ],
					[ 5.1660709, 52.0679075 ],
					[ 5.1660294, 52.0679539 ],
					[ 5.166029, 52.0680054 ],
					[ 5.1660939, 52.0680672 ],
					[ 5.1661892, 52.0681233 ],
					[ 5.1662212, 52.0681831 ],
					[ 5.1662637, 52.0682511 ]
				]
			},
			"properties" : {}
		},
		{
			"type" : "Feature",
			"geometry" : {
				"type" : "LineString",
				"coordinates" : [
					[ 5.1648242, 52.0687513 ],
					[ 5.1649152, 52.0687046 ],
					[ 5.1651421, 52.0685714 ],
					[ 5.1652949, 52.0685051 ],
					[ 5.1653945, 52.068481 ],
					[ 5.1654571, 52.0684764 ],
					[ 5.16552, 52.0684808 ],
					[ 5.1655557, 52.0684942 ],
					[ 5.1655794, 52.0685146 ],
					[ 5.1656171, 52.0685666 ],
					[ 5.1656234, 52.0686222 ],
					[ 5.1656231, 52.0686825 ],
					[ 5.1656451, 52.0687278 ],
					[ 5.1657118, 52.0688055 ]
				]
			},
			"properties" : {}
		},
		{
			"type" : "Feature",
			"geometry" : {
				"type" : "LineString",
				"coordinates" : [
					[ 5.1748553, 52.0655976 ],
					[ 5.1749419, 52.0656241 ]
				]
			},
			"properties" : {}
		},
		{
			"type" : "Feature",
			"geometry" : {
				"type" : "LineString",
				"coordinates" : [
					[ 5.1749419, 52.0656241 ],
					[ 5.1750024, 52.0656464 ],
					[ 5.1752375, 52.0657135 ],
					[ 5.1753569, 52.0657813 ],
					[ 5.1754361, 52.0658442 ],
					[ 5.1756606, 52.0660271 ],
					[ 5.1758732, 52.0662015 ],
					[ 5.1761718, 52.0664623 ],
					[ 5.1764878, 52.0666537 ],
					[ 5.1767959, 52.0668198 ],
					[ 5.1769984, 52.066918 ],
					[ 5.1773472, 52.0670588 ],
					[ 5.1775489, 52.0671574 ],
					[ 5.1776632, 52.0672349 ],
					[ 5.1778556, 52.0673489 ],
					[ 5.1779357, 52.0673976 ],
					[ 5.177981, 52.0674376 ],
					[ 5.1780035, 52.0674674 ],
					[ 5.1780104, 52.0674882 ]
				]
			},
			"properties" : {}
		},
		{
			"type" : "Feature",
			"geometry" : {
				"type" : "LineString",
				"coordinates" : [
					[ 5.1756378, 52.0695042 ],
					[ 5.1757568, 52.0695733 ],
					[ 5.1761137, 52.0697297 ],
					[ 5.1763558, 52.06986 ],
					[ 5.1764448, 52.0699047 ],
					[ 5.1765239, 52.0699385 ],
					[ 5.17663, 52.0700036 ]
				]
			},
			"properties" : {}
		},
		{
			"type" : "Feature",
			"geometry" : {
				"type" : "LineString",
				"coordinates" : [
					[ 5.1771269, 52.0699657 ],
					[ 5.1770743, 52.070092 ],
					[ 5.1769843, 52.0701369 ],
					[ 5.176823, 52.0701718 ],
					[ 5.1766775, 52.0702428 ],
					[ 5.1765776, 52.0702905 ],
					[ 5.1763804, 52.0703499 ],
					[ 5.176281, 52.0703919 ]
				]
			},
			"properties" : {}
		},
		{
			"type" : "Feature",
			"geometry" : {
				"type" : "LineString",
				"coordinates" : [
					[ 5.1657942, 52.0682848 ],
					[ 5.1656799, 52.068113 ],
					[ 5.1656408, 52.068017 ],
					[ 5.1656888, 52.0678907 ],
					[ 5.1656942, 52.0678194 ],
					[ 5.1657935, 52.0677055 ],
					[ 5.1658178, 52.0676537 ]
				]
			},
			"properties" : {}
		},
		{
			"type" : "Feature",
			"geometry" : {
				"type" : "LineString",
				"coordinates" : [
					[ 5.1651595, 52.0682014 ],
					[ 5.1651841, 52.0681917 ],
					[ 5.1651654, 52.0681764 ],
					[ 5.165152, 52.068158 ],
					[ 5.1651443, 52.0681366 ],
					[ 5.1651443, 52.0681188 ],
					[ 5.1651473, 52.0681022 ],
					[ 5.1651612, 52.0680818 ],
					[ 5.1651812, 52.0680605 ],
					[ 5.1651669, 52.0680546 ]
				]
			},
			"properties" : {}
		},
		{
			"type" : "Feature",
			"geometry" : {
				"type" : "LineString",
				"coordinates" : [
					[ 5.1663931, 52.0683556 ],
					[ 5.1664423, 52.0683698 ]
				]
			},
			"properties" : {}
		},
		{
			"type" : "Feature",
			"geometry" : {
				"type" : "LineString",
				"coordinates" : [
					[ 5.164988, 52.068813 ],
					[ 5.1650754, 52.0687476 ],
					[ 5.1651127, 52.0687456 ],
					[ 5.1651849, 52.0688019 ]
				]
			},
			"properties" : {}
		},
		{
			"type" : "Feature",
			"geometry" : {
				"type" : "LineString",
				"coordinates" : [
					[ 5.1678418, 52.0708789 ],
					[ 5.1678758, 52.0712314 ]
				]
			},
			"properties" : {}
		},
		{
			"type" : "Feature",
			"geometry" : {
				"type" : "LineString",
				"coordinates" : [
					[ 5.1677135, 52.0701104 ],
					[ 5.1669152, 52.0704604 ]
				]
			},
			"properties" : {}
		},
		{
			"type" : "Feature",
			"geometry" : {
				"type" : "LineString",
				"coordinates" : [
					[ 5.1640775, 52.0687341 ],
					[ 5.1641345, 52.068713 ],
					[ 5.1642697, 52.068648 ],
					[ 5.1643346, 52.0686189 ]
				]
			},
			"properties" : {}
		},
		{
			"type" : "Feature",
			"geometry" : {
				"type" : "LineString",
				"coordinates" : [
					[ 5.1557541, 52.0714089 ],
					[ 5.1559227, 52.0714067 ],
					[ 5.1562746, 52.0713905 ],
					[ 5.1566067, 52.0713391 ]
				]
			},
			"properties" : {}
		},
		{
			"type" : "Feature",
			"geometry" : {
				"type" : "LineString",
				"coordinates" : [
					[ 5.1515667, 52.0696651 ],
					[ 5.1515488, 52.0697114 ],
					[ 5.1515488, 52.0697537 ],
					[ 5.1515752, 52.0698343 ],
					[ 5.1518855, 52.0703706 ],
					[ 5.1522732, 52.0710681 ],
					[ 5.1523664, 52.0711361 ]
				]
			},
			"properties" : {}
		},
		{
			"type" : "Feature",
			"geometry" : {
				"type" : "LineString",
				"coordinates" : [
					[ 5.1767379, 52.0684925 ],
					[ 5.1767974, 52.0685129 ]
				]
			},
			"properties" : {}
		},
		{
			"type" : "Feature",
			"geometry" : {
				"type" : "LineString",
				"coordinates" : [
					[ 5.1779417, 52.0689127 ],
					[ 5.1778575, 52.0688677 ]
				]
			},
			"properties" : {}
		},
		{
			"type" : "Feature",
			"geometry" : {
				"type" : "LineString",
				"coordinates" : [
					[ 5.1778575, 52.0688677 ],
					[ 5.1777978, 52.0688465 ],
					[ 5.1777759, 52.0688527 ],
					[ 5.1777504, 52.0688588 ],
					[ 5.1777232, 52.0688683 ],
					[ 5.1776871, 52.0688909 ]
				]
			},
			"properties" : {}
		},
		{
			"type" : "Feature",
			"geometry" : {
				"type" : "LineString",
				"coordinates" : [
					[ 5.1776443, 52.0694526 ],
					[ 5.1777779, 52.069427 ],
					[ 5.1779018, 52.069371 ],
					[ 5.1780547, 52.0692803 ],
					[ 5.1781591, 52.0692126 ],
					[ 5.1781862, 52.0691622 ],
					[ 5.1781832, 52.0691025 ],
					[ 5.1780761, 52.0690017 ],
					[ 5.1780131, 52.0689516 ],
					[ 5.1779417, 52.0689127 ]
				]
			},
			"properties" : {}
		},
		{
			"type" : "Feature",
			"geometry" : {
				"type" : "LineString",
				"coordinates" : [
					[ 5.1775138, 52.0694641 ],
					[ 5.1776443, 52.0694526 ]
				]
			},
			"properties" : {}
		},
		{
			"type" : "Feature",
			"geometry" : {
				"type" : "LineString",
				"coordinates" : [
					[ 5.1663764, 52.0686265 ],
					[ 5.1663597, 52.0685947 ],
					[ 5.166324, 52.0685448 ],
					[ 5.1663252, 52.068484 ],
					[ 5.1663528, 52.068438 ],
					[ 5.1664184, 52.068391 ],
					[ 5.1664423, 52.0683698 ]
				]
			},
			"properties" : {}
		},
		{
			"type" : "Feature",
			"geometry" : {
				"type" : "LineString",
				"coordinates" : [
					[ 5.1675775, 52.0691185 ],
					[ 5.1692092, 52.0683496 ]
				]
			},
			"properties" : {}
		},
		{
			"type" : "Feature",
			"geometry" : {
				"type" : "LineString",
				"coordinates" : [
					[ 5.1733563, 52.0687655 ],
					[ 5.1733516, 52.0684735 ],
					[ 5.1733525, 52.0681821 ],
					[ 5.1733646, 52.0680826 ],
					[ 5.1734005, 52.0680201 ],
					[ 5.173445, 52.0679812 ],
					[ 5.1734646, 52.067962 ]
				]
			},
			"properties" : {}
		},
		{
			"type" : "Feature",
			"geometry" : {
				"type" : "LineString",
				"coordinates" : [
					[ 5.1699545, 52.0750224 ],
					[ 5.1698652, 52.0728011 ],
					[ 5.1697681, 52.0708189 ],
					[ 5.1697624, 52.0705471 ]
				]
			},
			"properties" : {}
		},
		{
			"type" : "Feature",
			"geometry" : {
				"type" : "LineString",
				"coordinates" : [
					[ 5.1590489, 52.0765668 ],
					[ 5.1590899, 52.0766001 ]
				]
			},
			"properties" : {}
		},
		{
			"type" : "Feature",
			"geometry" : {
				"type" : "LineString",
				"coordinates" : [
					[ 5.1578317, 52.074825 ],
					[ 5.1579552, 52.0749571 ],
					[ 5.1581172, 52.075233 ],
					[ 5.1581844, 52.0754209 ],
					[ 5.1582326, 52.0755473 ],
					[ 5.1583089, 52.0756992 ],
					[ 5.158406, 52.0758549 ],
					[ 5.1587521, 52.0762915 ],
					[ 5.1590093, 52.0765334 ],
					[ 5.1590489, 52.0765668 ]
				]
			},
			"properties" : {}
		},
		{
			"type" : "Feature",
			"geometry" : {
				"type" : "LineString",
				"coordinates" : [
					[ 5.1569825, 52.0733191 ],
					[ 5.1570035, 52.0733408 ],
					[ 5.1570063, 52.0733715 ],
					[ 5.1570026, 52.0734144 ],
					[ 5.1570167, 52.0734434 ],
					[ 5.1570319, 52.0734631 ],
					[ 5.1571002, 52.0735518 ],
					[ 5.1571761, 52.0736718 ],
					[ 5.1573483, 52.0740511 ]
				]
			},
			"properties" : {}
		},
		{
			"type" : "Feature",
			"geometry" : {
				"type" : "LineString",
				"coordinates" : [
					[ 5.1569569, 52.0732968 ],
					[ 5.1569825, 52.0733191 ]
				]
			},
			"properties" : {}
		},
		{
			"type" : "Feature",
			"geometry" : {
				"type" : "LineString",
				"coordinates" : [
					[ 5.1578137, 52.0747965 ],
					[ 5.1578317, 52.074825 ]
				]
			},
			"properties" : {}
		},
		{
			"type" : "Feature",
			"geometry" : {
				"type" : "LineString",
				"coordinates" : [
					[ 5.157367, 52.0740793 ],
					[ 5.1578137, 52.0747965 ]
				]
			},
			"properties" : {}
		},
		{
			"type" : "Feature",
			"geometry" : {
				"type" : "LineString",
				"coordinates" : [
					[ 5.1573483, 52.0740511 ],
					[ 5.157367, 52.0740793 ]
				]
			},
			"properties" : {}
		},
		{
			"type" : "Feature",
			"geometry" : {
				"type" : "LineString",
				"coordinates" : [
					[ 5.1558071, 52.0722999 ],
					[ 5.1559036, 52.0723966 ],
					[ 5.1559412, 52.0723986 ],
					[ 5.1560725, 52.0725825 ],
					[ 5.1561633, 52.0726856 ],
					[ 5.1562857, 52.0728028 ],
					[ 5.1563121, 52.0728561 ],
					[ 5.1564017, 52.0729268 ],
					[ 5.156513, 52.0729993 ],
					[ 5.1567762, 52.0731535 ],
					[ 5.1569378, 52.0732758 ],
					[ 5.1569569, 52.0732968 ]
				]
			},
			"properties" : {}
		},
		{
			"type" : "Feature",
			"geometry" : {
				"type" : "LineString",
				"coordinates" : [
					[ 5.1700189, 52.06681 ],
					[ 5.1707542, 52.066933 ],
					[ 5.1711798, 52.0670291 ],
					[ 5.1717009, 52.067152 ],
					[ 5.1720827, 52.0672381 ],
					[ 5.1724115, 52.0672842 ],
					[ 5.1725958, 52.0673004 ],
					[ 5.1727605, 52.0673074 ],
					[ 5.1732077, 52.0673147 ]
				]
			},
			"properties" : {}
		},
		{
			"type" : "Feature",
			"geometry" : {
				"type" : "LineString",
				"coordinates" : [
					[ 5.1717951, 52.0683425 ],
					[ 5.1720037, 52.0683034 ],
					[ 5.1722051, 52.0682306 ],
					[ 5.1723401, 52.0681578 ]
				]
			},
			"properties" : {}
		},
		{
			"type" : "Feature",
			"geometry" : {
				"type" : "LineString",
				"coordinates" : [
					[ 5.1542438, 52.068929 ],
					[ 5.1559796, 52.0690153 ],
					[ 5.156243, 52.0690275 ]
				]
			},
			"properties" : {}
		},
		{
			"type" : "Feature",
			"geometry" : {
				"type" : "LineString",
				"coordinates" : [
					[ 5.1772541, 52.068872 ],
					[ 5.1772849, 52.0689443 ],
					[ 5.177299, 52.0689906 ],
					[ 5.1772823, 52.0690226 ],
					[ 5.1772602, 52.0690511 ]
				]
			},
			"properties" : {}
		},
		{
			"type" : "Feature",
			"geometry" : {
				"type" : "LineString",
				"coordinates" : [
					[ 5.1768513, 52.0686171 ],
					[ 5.1768801, 52.0685484 ]
				]
			},
			"properties" : {}
		},
		{
			"type" : "Feature",
			"geometry" : {
				"type" : "LineString",
				"coordinates" : [
					[ 5.1773704, 52.06906 ],
					[ 5.1774375, 52.0690801 ]
				]
			},
			"properties" : {}
		},
		{
			"type" : "Feature",
			"geometry" : {
				"type" : "LineString",
				"coordinates" : [
					[ 5.1658654, 52.0665412 ],
					[ 5.1659257, 52.0665446 ]
				]
			},
			"properties" : {}
		},
		{
			"type" : "Feature",
			"geometry" : {
				"type" : "LineString",
				"coordinates" : [
					[ 5.1659257, 52.0665446 ],
					[ 5.1661014, 52.0665672 ],
					[ 5.1662867, 52.0665761 ],
					[ 5.1665333, 52.0665843 ],
					[ 5.1667682, 52.0666074 ],
					[ 5.1669305, 52.0666373 ],
					[ 5.1671017, 52.0666826 ],
					[ 5.1671833, 52.0667047 ],
					[ 5.1672656, 52.0667215 ],
					[ 5.1673347, 52.066738 ],
					[ 5.1674124, 52.0667504 ],
					[ 5.1675286, 52.0667627 ],
					[ 5.1676715, 52.0667728 ],
					[ 5.1679521, 52.0667908 ],
					[ 5.1684942, 52.0668276 ],
					[ 5.168667, 52.0668421 ],
					[ 5.1688404, 52.0668602 ],
					[ 5.168933, 52.0668631 ],
					[ 5.1689851, 52.0668546 ],
					[ 5.1690677, 52.0668312 ],
					[ 5.1693785, 52.0667418 ],
					[ 5.1693985, 52.0667306 ],
					[ 5.1694629, 52.0667229 ],
					[ 5.1695117, 52.0667174 ],
					[ 5.1695641, 52.0667193 ],
					[ 5.1696513, 52.0667351 ],
					[ 5.1697444, 52.0667597 ],
					[ 5.1698102, 52.0667806 ],
					[ 5.1698744, 52.0668127 ],
					[ 5.1699469, 52.0668736 ],
					[ 5.169972, 52.0669436 ],
					[ 5.1699979, 52.0670021 ],
					[ 5.1700253, 52.0670221 ],
					[ 5.1700743, 52.0670332 ]
				]
			},
			"properties" : {}
		},
		{
			"type" : "Feature",
			"geometry" : {
				"type" : "LineString",
				"coordinates" : [
					[ 5.1609566, 52.0669373 ],
					[ 5.1610233, 52.0669239 ]
				]
			},
			"properties" : {}
		},
		{
			"type" : "Feature",
			"geometry" : {
				"type" : "LineString",
				"coordinates" : [
					[ 5.1601807, 52.0669605 ],
					[ 5.1602261, 52.0669589 ],
					[ 5.1605495, 52.066973 ],
					[ 5.1608116, 52.0669603 ],
					[ 5.1609566, 52.0669373 ]
				]
			},
			"properties" : {}
		},
		{
			"type" : "Feature",
			"geometry" : {
				"type" : "LineString",
				"coordinates" : [
					[ 5.1699469, 52.0668736 ],
					[ 5.1700097, 52.0669125 ],
					[ 5.1700503, 52.0669328 ],
					[ 5.170079, 52.0669864 ],
					[ 5.1701229, 52.0670018 ],
					[ 5.1701512, 52.0670343 ],
					[ 5.1702323, 52.0670575 ]
				]
			},
			"properties" : {}
		},
		{
			"type" : "Feature",
			"geometry" : {
				"type" : "LineString",
				"coordinates" : [
					[ 5.1742198, 52.0727917 ],
					[ 5.174076, 52.0726747 ],
					[ 5.1740788, 52.0726202 ]
				]
			},
			"properties" : {}
		},
		{
			"type" : "Feature",
			"geometry" : {
				"type" : "LineString",
				"coordinates" : [
					[ 5.1767966, 52.0686941 ],
					[ 5.1768513, 52.0686171 ],
					[ 5.176905, 52.0686612 ],
					[ 5.1770054, 52.0686636 ],
					[ 5.1770801, 52.0686753 ],
					[ 5.1771408, 52.068704 ],
					[ 5.1771964, 52.0687421 ],
					[ 5.1772541, 52.068872 ]
				]
			},
			"properties" : {}
		},
		{
			"type" : "Feature",
			"geometry" : {
				"type" : "LineString",
				"coordinates" : [
					[ 5.177299, 52.0689906 ],
					[ 5.1773272, 52.0690259 ],
					[ 5.1773542, 52.0690541 ],
					[ 5.1772602, 52.0690511 ],
					[ 5.1771761, 52.0690926 ],
					[ 5.1770443, 52.0690299 ]
				]
			},
			"properties" : {}
		},
		{
			"type" : "Feature",
			"geometry" : {
				"type" : "LineString",
				"coordinates" : [
					[ 5.1777978, 52.0688465 ],
					[ 5.1777056, 52.0687966 ],
					[ 5.1776388, 52.0687511 ],
					[ 5.1776069, 52.0686964 ],
					[ 5.1775821, 52.0686628 ],
					[ 5.1775605, 52.0686401 ]
				]
			},
			"properties" : {}
		},
		{
			"type" : "Feature",
			"geometry" : {
				"type" : "LineString",
				"coordinates" : [
					[ 5.1755026, 52.0689486 ],
					[ 5.1755674, 52.0688901 ]
				]
			},
			"properties" : {}
		},
		{
			"type" : "Feature",
			"geometry" : {
				"type" : "LineString",
				"coordinates" : [
					[ 5.1694473, 52.0642604 ],
					[ 5.1694659, 52.064503 ]
				]
			},
			"properties" : {}
		},
		{
			"type" : "Feature",
			"geometry" : {
				"type" : "LineString",
				"coordinates" : [
					[ 5.1773542, 52.0690541 ],
					[ 5.1773704, 52.06906 ]
				]
			},
			"properties" : {}
		},
		{
			"type" : "Feature",
			"geometry" : {
				"type" : "LineString",
				"coordinates" : [
					[ 5.1774654, 52.0690825 ],
					[ 5.1775167, 52.0690735 ],
					[ 5.1775767, 52.0690396 ],
					[ 5.1776834, 52.0689793 ]
				]
			},
			"properties" : {}
		},
		{
			"type" : "Feature",
			"geometry" : {
				"type" : "LineString",
				"coordinates" : [
					[ 5.1776834, 52.0689793 ],
					[ 5.1776871, 52.0688909 ],
					[ 5.1776388, 52.0687511 ]
				]
			},
			"properties" : {}
		},
		{
			"type" : "Feature",
			"geometry" : {
				"type" : "LineString",
				"coordinates" : [
					[ 5.1782934, 52.0675438 ],
					[ 5.1782571, 52.0675316 ]
				]
			},
			"properties" : {}
		},
		{
			"type" : "Feature",
			"geometry" : {
				"type" : "LineString",
				"coordinates" : [
					[ 5.1700743, 52.0670332 ],
					[ 5.1702323, 52.0670575 ],
					[ 5.1703149, 52.0670694 ],
					[ 5.1704026, 52.0670903 ],
					[ 5.1705256, 52.0671278 ],
					[ 5.1705553, 52.0671168 ],
					[ 5.1705942, 52.06713 ],
					[ 5.1706389, 52.0671601 ],
					[ 5.1707478, 52.0671825 ],
					[ 5.1709808, 52.067217 ],
					[ 5.171387, 52.0672886 ],
					[ 5.1715118, 52.0673176 ],
					[ 5.1717483, 52.0673858 ],
					[ 5.171936, 52.0674158 ],
					[ 5.1720279, 52.0674455 ],
					[ 5.1720808, 52.0674587 ],
					[ 5.1722698, 52.0674969 ],
					[ 5.1723383, 52.067502 ],
					[ 5.1724329, 52.0675016 ],
					[ 5.1725174, 52.0675094 ],
					[ 5.1725952, 52.0675234 ],
					[ 5.1727045, 52.0675486 ],
					[ 5.1727863, 52.0675651 ],
					[ 5.1728749, 52.0675718 ],
					[ 5.1730612, 52.0675787 ],
					[ 5.173259, 52.0675783 ],
					[ 5.1733373, 52.0675759 ],
					[ 5.173996, 52.0675599 ],
					[ 5.1740161, 52.0675594 ],
					[ 5.1740619, 52.0675612 ],
					[ 5.1747356, 52.0676512 ],
					[ 5.1751755, 52.0676916 ],
					[ 5.1756425, 52.0676928 ],
					[ 5.176078, 52.0677012 ],
					[ 5.176572, 52.0677961 ],
					[ 5.1767593, 52.0678466 ],
					[ 5.1769437, 52.0679101 ],
					[ 5.1771402, 52.0679909 ],
					[ 5.1773167, 52.0680874 ],
					[ 5.1774071, 52.0681363 ],
					[ 5.177521, 52.0682295 ],
					[ 5.1776163, 52.0682666 ],
					[ 5.1777372, 52.0683336 ],
					[ 5.177808, 52.0683742 ],
					[ 5.1778712, 52.0684075 ]
				]
			},
			"properties" : {}
		},
		{
			"type" : "Feature",
			"geometry" : {
				"type" : "LineString",
				"coordinates" : [
					[ 5.1774375, 52.0690801 ],
					[ 5.1774654, 52.0690825 ]
				]
			},
			"properties" : {}
		},
		{
			"type" : "Feature",
			"geometry" : {
				"type" : "LineString",
				"coordinates" : [
					[ 5.1637893, 52.0810537 ],
					[ 5.1638168, 52.0811065 ],
					[ 5.1638298, 52.0811864 ]
				]
			},
			"properties" : {}
		},
		{
			"type" : "Feature",
			"geometry" : {
				"type" : "LineString",
				"coordinates" : [
					[ 5.1755292, 52.0810582 ],
					[ 5.1753408, 52.0812108 ]
				]
			},
			"properties" : {}
		},
		{
			"type" : "Feature",
			"geometry" : {
				"type" : "LineString",
				"coordinates" : [
					[ 5.1706389, 52.0671601 ],
					[ 5.1705882, 52.0671522 ],
					[ 5.1705533, 52.0671438 ],
					[ 5.1705256, 52.0671278 ]
				]
			},
			"properties" : {}
		},
		{
			"type" : "Feature",
			"geometry" : {
				"type" : "LineString",
				"coordinates" : [
					[ 5.1733373, 52.0675759 ],
					[ 5.1733257, 52.0675471 ],
					[ 5.1732949, 52.0674927 ],
					[ 5.1732785, 52.0674597 ],
					[ 5.1732711, 52.0673787 ],
					[ 5.1732077, 52.0673147 ]
				]
			},
			"properties" : {}
		},
		{
			"type" : "Feature",
			"geometry" : {
				"type" : "LineString",
				"coordinates" : [
					[ 5.1648652, 52.0680241 ],
					[ 5.1648855, 52.0680311 ]
				]
			},
			"properties" : {}
		},
		{
			"type" : "Feature",
			"geometry" : {
				"type" : "LineString",
				"coordinates" : [
					[ 5.1648396, 52.0680177 ],
					[ 5.1647307, 52.0679809 ]
				]
			},
			"properties" : {}
		},
		{
			"type" : "Feature",
			"geometry" : {
				"type" : "LineString",
				"coordinates" : [
					[ 5.1662309, 52.0683062 ],
					[ 5.1663931, 52.0683556 ]
				]
			},
			"properties" : {}
		},
		{
			"type" : "Feature",
			"geometry" : {
				"type" : "LineString",
				"coordinates" : [
					[ 5.1777645, 52.0699824 ],
					[ 5.1775771, 52.070104 ],
					[ 5.1775771, 52.070104 ]
				]
			},
			"properties" : {}
		},
		{
			"type" : "Feature",
			"geometry" : {
				"type" : "LineString",
				"coordinates" : [
					[ 5.1776894, 52.069963 ],
					[ 5.1777645, 52.0699824 ],
					[ 5.1777645, 52.0699824 ]
				]
			},
			"properties" : {}
		},
		{
			"type" : "Feature",
			"geometry" : {
				"type" : "LineString",
				"coordinates" : [
					[ 5.1775739, 52.069887 ],
					[ 5.1775804083, 52.0699637876 ],
					[ 5.1775818833, 52.0699637902 ]
				]
			},
			"properties" : {}
		},
		{
			"type" : "Feature",
			"geometry" : {
				"type" : "LineString",
				"coordinates" : [
					[ 5.1778712, 52.0684075 ],
					[ 5.1775605, 52.0686401 ],
					[ 5.1775605, 52.0686401 ]
				]
			},
			"properties" : {}
		},
		{
			"type" : "Feature",
			"geometry" : {
				"type" : "LineString",
				"coordinates" : [
					[ 5.1775605, 52.0686401 ],
					[ 5.1772541, 52.068872 ]
				]
			},
			"properties" : {}
		},
		{
			"type" : "Feature",
			"geometry" : {
				"type" : "LineString",
				"coordinates" : [
					[ 5.1772541, 52.068872 ],
					[ 5.1770443, 52.0690299 ],
					[ 5.1770443, 52.0690299 ]
				]
			},
			"properties" : {}
		},
		{
			"type" : "Feature",
			"geometry" : {
				"type" : "LineString",
				"coordinates" : [
					[ 5.1770443, 52.0690299 ],
					[ 5.1767656, 52.0692369 ]
				]
			},
			"properties" : {}
		},
		{
			"type" : "Feature",
			"geometry" : {
				"type" : "LineString",
				"coordinates" : [
					[ 5.1767656, 52.0692369 ],
					[ 5.1765751, 52.0693811 ]
				]
			},
			"properties" : {}
		},
		{
			"type" : "Feature",
			"geometry" : {
				"type" : "LineString",
				"coordinates" : [
					[ 5.1765751, 52.0693811 ],
					[ 5.1775739, 52.069887 ],
					[ 5.1775739, 52.069887 ]
				]
			},
			"properties" : {}
		},
		{
			"type" : "Feature",
			"geometry" : {
				"type" : "LineString",
				"coordinates" : [
					[ 5.1761286, 52.0691691 ],
					[ 5.1765751, 52.0693811 ],
					[ 5.1765751, 52.0693811 ]
				]
			},
			"properties" : {}
		},
		{
			"type" : "Feature",
			"geometry" : {
				"type" : "LineString",
				"coordinates" : [
					[ 5.17567, 52.0689419 ],
					[ 5.1761286, 52.0691691 ],
					[ 5.1761286, 52.0691691 ]
				]
			},
			"properties" : {}
		},
		{
			"type" : "Feature",
			"geometry" : {
				"type" : "LineString",
				"coordinates" : [
					[ 5.1755674, 52.0688901 ],
					[ 5.17567, 52.0689419 ]
				]
			},
			"properties" : {}
		},
		{
			"type" : "Feature",
			"geometry" : {
				"type" : "LineString",
				"coordinates" : [
					[ 5.1605921183, 52.0805379416 ],
					[ 5.1601939603, 52.0807515493 ],
					[ 5.1601939603, 52.0807515493 ],
					[ 5.1603617182, 52.0808364066 ],
					[ 5.1604580241, 52.0807556933 ],
					[ 5.1602473714, 52.0804016975 ],
					[ 5.1601927666, 52.0804052283 ],
					[ 5.1601483459, 52.0804369568 ],
					[ 5.1601392542, 52.0804842059 ],
					[ 5.1601877227, 52.080527021 ],
					[ 5.1603369689, 52.0804800416 ],
					[ 5.1605041717, 52.0803649917 ],
					[ 5.1605041717, 52.0803649917 ]
				]
			},
			"properties" : {}
		},
		{
			"type" : "Feature",
			"geometry" : {
				"type" : "LineString",
				"coordinates" : [
					[ 5.169812, 52.0646958 ],
					[ 5.1709039, 52.064692 ],
					[ 5.1709039, 52.064692 ]
				]
			},
			"properties" : {}
		},
		{
			"type" : "Feature",
			"geometry" : {
				"type" : "LineString",
				"coordinates" : [
					[ 5.1749356675, 52.0640219044 ],
					[ 5.177182893, 52.0639943139 ],
					[ 5.1783151762, 52.0640690439 ],
					[ 5.1780892188, 52.0644522297 ],
					[ 5.1780345208, 52.0647957242 ],
					[ 5.1780864025, 52.0657831585 ]
				]
			},
			"properties" : {}
		},
		{
			"type" : "Feature",
			"geometry" : {
				"type" : "LineString",
				"coordinates" : [
					[ 5.1781418, 52.0681907 ],
					[ 5.1778712, 52.0684075 ]
				]
			},
			"properties" : {}
		},
		{
			"type" : "Feature",
			"geometry" : {
				"type" : "LineString",
				"coordinates" : [
					[ 5.1780389719, 52.0648689044 ],
					[ 5.1781361132, 52.0649108895 ],
					[ 5.1781805729, 52.0654963466 ],
					[ 5.1781890816, 52.0658702458 ],
					[ 5.1781890816, 52.0658702458 ]
				]
			},
			"properties" : {}
		},
		{
			"type" : "Feature",
			"geometry" : {
				"type" : "LineString",
				"coordinates" : [
					[ 5.1781836414, 52.0654709008 ],
					[ 5.1780716487, 52.0654507047 ],
					[ 5.1780716487, 52.0654507047 ]
				]
			},
			"properties" : {}
		}
	]
}